year,month,week,rain_days_week,rain_days_fort
1931,January,0,1,2
1931,January,1,1,2
1931,January,2,1,4
1931,January,3,3,4
1931,January,4,1,5
1931,February,5,4,4
1931,February,6,0,0
1931,February,7,0,2
1931,February,8,2,2
1931,March,9,0,0
1931,March,10,0,1
1931,March,11,1,2
1931,March,12,1,2
1931,April,13,1,1
1931,April,14,0,0
1931,April,15,0,3
1931,April,16,3,4
1931,April,17,1,2
1931,May,18,1,2
1931,May,19,1,4
1931,May,20,3,5
1931,May,21,2,4
1931,June,22,2,4
1931,June,23,2,3
1931,June,24,1,1
1931,June,25,0,2
1931,July,26,2,5
1931,July,27,3,4
1931,July,28,1,3
1931,July,29,2,3
1931,July,30,1,3
1931,August,31,2,7
1931,August,32,5,6
1931,August,33,1,3
1931,August,34,2,3
1931,September,35,1,1
1931,September,36,0,0
1931,September,37,0,0
1931,September,38,0,1
1931,October,39,1,1
1931,October,40,0,0
1931,October,41,0,0
1931,October,42,0,2
1931,October,43,2,6
1931,November,44,4,6
1931,November,45,2,4
1931,November,46,2,5
1931,November,47,3,6
1931,December,48,3,3
1931,December,49,0,0
1931,December,50,0,0
1931,December,51,0,5
1932,January,0,5,9
1932,January,1,4,6
1932,January,2,2,2
1932,January,3,0,0
1932,January,4,0,0
1932,February,5,0,0
1932,February,6,0,0
1932,February,7,0,0
1932,February,8,0,1
1932,March,9,1,1
1932,March,10,0,0
1932,March,11,0,3
1932,March,12,3,5
1932,March,13,2,4
1932,April,14,2,2
1932,April,15,0,1
1932,April,16,1,2
1932,April,17,1,1
1932,May,18,0,3
1932,May,19,3,5
1932,May,20,2,3
1932,May,21,1,2
1932,June,22,1,1
1932,June,23,0,0
1932,June,24,0,1
1932,June,25,1,2
1932,June,26,1,2
1932,July,27,1,2
1932,July,28,1,2
1932,July,29,1,4
1932,July,30,3,3
1932,August,31,0,0
1932,August,32,0,1
1932,August,33,1,2
1932,August,34,1,6
1932,September,35,5,5
1932,September,36,0,0
1932,September,37,0,1
1932,September,38,1,3
1932,September,39,2,6
1932,October,40,4,6
1932,October,41,2,7
1932,October,42,5,7
1932,October,43,2,3
1932,November,44,1,1
1932,November,45,0,2
1932,November,46,2,4
1932,November,47,2,3
1932,December,48,1,2
1932,December,49,1,1
1932,December,50,0,1
1932,December,51,1,4
1933,January,0,3,4
1933,January,1,1,2
1933,January,2,1,1
1933,January,3,0,2
1933,January,4,2,5
1933,February,5,3,3
1933,February,6,0,0
1933,February,7,0,4
1933,February,8,4,7
1933,March,9,3,3
1933,March,10,0,3
1933,March,11,3,3
1933,March,12,0,0
1933,March,13,0,0
1933,April,14,0,0
1933,April,15,0,3
1933,April,16,3,5
1933,April,17,2,2
1933,May,18,0,0
1933,May,19,0,0
1933,May,20,0,1
1933,May,21,1,2
1933,June,22,1,1
1933,June,23,0,2
1933,June,24,2,3
1933,June,25,1,1
1933,June,26,0,2
1933,July,27,2,4
1933,July,28,2,2
1933,July,29,0,1
1933,July,30,1,1
1933,August,31,0,0
1933,August,32,0,1
1933,August,33,1,1
1933,August,34,0,0
1933,August,35,0,1
1933,September,36,1,1
1933,September,37,0,4
1933,September,38,4,4
1933,September,39,0,3
1933,October,40,3,4
1933,October,41,1,3
1933,October,42,2,4
1933,October,43,2,2
1933,November,44,0,1
1933,November,45,1,2
1933,November,46,1,1
1933,November,47,0,1
1933,November,48,1,1
1933,December,49,0,0
1933,December,50,0,1
1933,December,51,1,4
1934,January,0,3,4
1934,January,1,1,6
1934,January,2,5,6
1934,January,3,1,2
1934,January,4,1,1
1934,February,5,0,0
1934,February,6,0,0
1934,February,7,0,1
1934,February,8,1,2
1934,March,9,1,4
1934,March,10,3,7
1934,March,11,4,4
1934,March,12,0,0
1934,March,13,0,2
1934,April,14,2,4
1934,April,15,2,4
1934,April,16,2,2
1934,April,17,0,3
1934,May,18,3,4
1934,May,19,1,1
1934,May,20,0,0
1934,May,21,0,0
1934,May,22,0,0
1934,June,23,0,0
1934,June,24,0,5
1934,June,25,5,5
1934,June,26,0,0
1934,July,27,0,0
1934,July,28,0,0
1934,July,29,0,1
1934,July,30,1,2
1934,August,31,1,1
1934,August,32,0,1
1934,August,33,1,2
1934,August,34,1,2
1934,August,35,1,1
1934,September,36,0,1
1934,September,37,1,3
1934,September,38,2,4
1934,September,39,2,5
1934,October,40,3,3
1934,October,41,0,1
1934,October,42,1,2
1934,October,43,1,1
1934,November,44,0,2
1934,November,45,2,2
1934,November,46,0,0
1934,November,47,0,5
1934,November,48,5,10
1934,December,49,5,12
1934,December,50,7,9
1934,December,51,2,7
1935,January,0,5,5
1935,January,1,0,1
1935,January,2,1,1
1935,January,3,0,1
1935,January,4,1,2
1935,January,5,1,2
1935,February,6,1,3
1935,February,7,2,7
1935,February,8,5,6
1935,February,9,1,1
1935,March,10,0,0
1935,March,11,0,1
1935,March,12,1,1
1935,March,13,0,5
1935,April,14,5,7
1935,April,15,2,4
1935,April,16,2,2
1935,April,17,0,0
1935,May,18,0,0
1935,May,19,0,3
1935,May,20,3,3
1935,May,21,0,0
1935,May,22,0,3
1935,June,23,3,6
1935,June,24,3,4
1935,June,25,1,1
1935,June,26,0,0
1935,July,27,0,0
1935,July,28,0,1
1935,July,29,1,1
1935,July,30,0,0
1935,August,31,0,0
1935,August,32,0,0
1935,August,33,0,2
1935,August,34,2,6
1935,August,35,4,4
1935,September,36,0,6
1935,September,37,6,9
1935,September,38,3,8
1935,September,39,5,11
1935,October,40,6,6
1935,October,41,0,2
1935,October,42,2,3
1935,October,43,1,3
1935,October,44,2,7
1935,November,45,5,10
1935,November,46,5,6
1935,November,47,1,4
1935,November,48,3,3
1935,December,49,0,1
1935,December,50,1,3
1935,December,51,2,3
1936,January,0,1,5
1936,January,1,4,6
1936,January,2,2,4
1936,January,3,2,7
1936,January,4,5,6
1936,January,5,1,2
1936,February,6,1,3
1936,February,7,2,4
1936,February,8,2,2
1936,February,9,0,1
1936,March,10,1,1
1936,March,11,0,2
1936,March,12,2,6
1936,March,13,4,5
1936,April,14,1,1
1936,April,15,0,2
1936,April,16,2,3
1936,April,17,1,1
1936,April,18,0,0
1936,May,19,0,1
1936,May,20,1,1
1936,May,21,0,2
1936,May,22,2,2
1936,June,23,0,0
1936,June,24,0,3
1936,June,25,3,6
1936,June,26,3,7
1936,July,27,4,7
1936,July,28,3,6
1936,July,29,3,4
1936,July,30,1,1
1936,July,31,0,0
1936,August,32,0,0
1936,August,33,0,0
1936,August,34,0,0
1936,August,35,0,3
1936,September,36,3,6
1936,September,37,3,4
1936,September,38,1,1
1936,September,39,0,0
1936,October,40,0,0
1936,October,41,0,0
1936,October,42,0,2
1936,October,43,2,4
1936,October,44,2,6
1936,November,45,4,6
1936,November,46,2,2
1936,November,47,0,0
1936,November,48,0,1
1936,December,49,1,4
1936,December,50,3,4
1936,December,51,1,1
1937,December,0,0,2
1937,January,1,2,3
1937,January,2,1,6
1937,January,3,5,8
1937,January,4,3,7
1937,January,5,4,7
1937,February,6,3,5
1937,February,7,2,6
1937,February,8,4,7
1937,February,9,3,5
1937,March,10,2,6
1937,March,11,4,5
1937,March,12,1,1
1937,March,13,0,2
1937,April,14,2,3
1937,April,15,1,5
1937,April,16,4,4
1937,April,17,0,0
1937,April,18,0,2
1937,May,19,2,2
1937,May,20,0,2
1937,May,21,2,2
1937,May,22,0,0
1937,June,23,0,2
1937,June,24,2,2
1937,June,25,0,0
1937,June,26,0,0
1937,July,27,0,1
1937,July,28,1,2
1937,July,29,1,2
1937,July,30,1,1
1937,July,31,0,0
1937,August,32,0,2
1937,August,33,2,2
1937,August,34,0,0
1937,August,35,0,0
1937,September,36,0,2
1937,September,37,2,5
1937,September,38,3,3
1937,September,39,0,0
1937,September,40,0,0
1937,October,41,0,0
1937,October,42,0,4
1937,October,43,4,6
1937,October,44,2,2
1937,November,45,0,0
1937,November,46,0,2
1937,November,47,2,5
1937,November,48,3,5
1937,December,49,2,4
1937,December,50,2,3
1937,December,51,1,1
1938,December,0,0,1
1938,January,1,1,6
1938,January,2,5,9
1938,January,3,4,5
1938,January,4,1,4
1938,January,5,3,3
1938,February,6,0,0
1938,February,7,0,0
1938,February,8,0,3
1938,February,9,3,3
1938,March,10,0,0
1938,March,11,0,0
1938,March,12,0,1
1938,March,13,1,1
1938,March,14,0,0
1938,April,15,0,0
1938,April,16,0,0
1938,April,17,0,0
1938,April,18,0,0
1938,May,19,0,2
1938,May,20,2,2
1938,May,21,0,5
1938,May,22,5,6
1938,June,23,1,1
1938,June,24,0,0
1938,June,25,0,2
1938,June,26,2,4
1938,June,27,2,4
1938,July,28,2,3
1938,July,29,1,2
1938,July,30,1,2
1938,July,31,1,3
1938,August,32,2,2
1938,August,33,0,2
1938,August,34,2,4
1938,August,35,2,2
1938,September,36,0,0
1938,September,37,0,2
1938,September,38,2,2
1938,September,39,0,6
1938,September,40,6,9
1938,October,41,3,4
1938,October,42,1,1
1938,October,43,0,2
1938,October,44,2,2
1938,November,45,0,2
1938,November,46,2,6
1938,November,47,4,9
1938,November,48,5,7
1938,December,49,2,6
1938,December,50,4,5
1938,December,51,1,1
1939,December,0,0,1
1939,January,1,1,3
1939,January,2,2,6
1939,January,3,4,9
1939,January,4,5,5
1939,January,5,0,2
1939,February,6,2,3
1939,February,7,1,3
1939,February,8,2,4
1939,February,9,2,3
1939,March,10,1,1
1939,March,11,0,1
1939,March,12,1,1
1939,March,13,0,3
1939,March,14,3,3
1939,April,15,0,1
1939,April,16,1,1
1939,April,17,0,1
1939,April,18,1,2
1939,May,19,1,1
1939,May,20,0,0
1939,May,21,0,0
1939,May,22,0,0
1939,June,23,0,0
1939,June,24,0,2
1939,June,25,2,3
1939,June,26,1,3
1939,June,27,2,5
1939,July,28,3,8
1939,July,29,5,7
1939,July,30,2,5
1939,July,31,3,4
1939,August,32,1,1
1939,August,33,0,2
1939,August,34,2,3
1939,August,35,1,2
1939,August,36,1,1
1939,September,37,0,0
1939,September,38,0,0
1939,September,39,0,1
1939,September,40,1,6
1939,October,41,5,6
1939,October,42,1,1
1939,October,43,0,1
1939,October,44,1,5
1939,November,45,4,6
1939,November,46,2,5
1939,November,47,3,8
1939,November,48,5,7
1939,November,49,2,6
1939,December,50,4,4
1939,December,51,0,0
1940,December,0,0,2
1940,January,1,2,3
1940,January,2,1,1
1940,January,3,0,0
1940,January,4,0,3
1940,January,5,3,5
1940,February,6,2,2
1940,February,7,0,2
1940,February,8,2,4
1940,February,9,2,2
1940,February,10,0,2
1940,March,11,2,5
1940,March,12,3,3
1940,March,13,0,1
1940,March,14,1,1
1940,April,15,0,0
1940,April,16,0,1
1940,April,17,1,3
1940,April,18,2,2
1940,May,19,0,1
1940,May,20,1,1
1940,May,21,0,1
1940,May,22,1,1
1940,May,23,0,0
1940,June,24,0,0
1940,June,25,0,1
1940,June,26,1,1
1940,June,27,0,2
1940,July,28,2,4
1940,July,29,2,4
1940,July,30,2,3
1940,July,31,1,1
1940,August,32,0,0
1940,August,33,0,0
1940,August,34,0,0
1940,August,35,0,0
1940,August,36,0,0
1940,September,37,0,2
1940,September,38,2,3
1940,September,39,1,1
1940,September,40,0,4
1940,October,41,4,6
1940,October,42,2,2
1940,October,43,0,1
1940,October,44,1,7
1940,October,45,6,10
1940,November,46,4,7
1940,November,47,3,4
1940,November,48,1,1
1940,November,49,0,3
1940,December,50,3,5
1940,December,51,2,2
1941,December,0,0,1
1941,January,1,1,1
1941,January,2,0,0
1941,January,3,0,4
1941,January,4,4,8
1941,January,5,4,6
1941,January,6,2,5
1941,February,7,3,6
1941,February,8,3,5
1941,February,9,2,4
1941,February,10,2,3
1941,March,11,1,1
1941,March,12,0,1
1941,March,13,1,3
1941,March,14,2,2
1941,April,15,0,0
1941,April,16,0,2
1941,April,17,2,2
1941,April,18,0,0
1941,May,19,0,0
1941,May,20,0,0
1941,May,21,0,3
1941,May,22,3,4
1941,May,23,1,4
1941,June,24,3,3
1941,June,25,0,0
1941,June,26,0,0
1941,June,27,0,0
1941,July,28,0,1
1941,July,29,1,3
1941,July,30,2,2
1941,July,31,0,1
1941,July,32,1,4
1941,August,33,3,7
1941,August,34,4,7
1941,August,35,3,3
1941,August,36,0,0
1941,September,37,0,0
1941,September,38,0,0
1941,September,39,0,1
1941,September,40,1,2
1941,October,41,1,3
1941,October,42,2,3
1941,October,43,1,1
1941,October,44,0,0
1941,October,45,0,2
1941,November,46,2,4
1941,November,47,2,4
1941,November,48,2,2
1941,November,49,0,4
1941,December,50,4,6
1941,December,51,2,5
1942,December,0,3,4
1942,December,1,1,2
1942,January,2,1,2
1942,January,3,1,3
1942,January,4,2,5
1942,January,5,3,5
1942,January,6,2,2
1942,February,7,0,0
1942,February,8,0,0
1942,February,9,0,2
1942,February,10,2,3
1942,March,11,1,2
1942,March,12,1,1
1942,March,13,0,2
1942,March,14,2,6
1942,April,15,4,5
1942,April,16,1,1
1942,April,17,0,0
1942,April,18,0,0
1942,April,19,0,2
1942,May,20,2,5
1942,May,21,3,8
1942,May,22,5,6
1942,May,23,1,1
1942,June,24,0,1
1942,June,25,1,1
1942,June,26,0,0
1942,June,27,0,2
1942,July,28,2,2
1942,July,29,0,1
1942,July,30,1,2
1942,July,31,1,1
1942,July,32,0,1
1942,August,33,1,1
1942,August,34,0,2
1942,August,35,2,3
1942,August,36,1,2
1942,September,37,1,1
1942,September,38,0,3
1942,September,39,3,6
1942,September,40,3,3
1942,October,41,0,1
1942,October,42,1,2
1942,October,43,1,6
1942,October,44,5,7
1942,October,45,2,4
1942,November,46,2,2
1942,November,47,0,0
1942,November,48,0,0
1942,November,49,0,1
1942,December,50,1,8
1942,December,51,7,9
1943,December,0,2,2
1943,December,1,0,2
1943,January,2,2,6
1943,January,3,4,6
1943,January,4,2,5
1943,January,5,3,8
1943,January,6,5,7
1943,February,7,2,2
1943,February,8,0,0
1943,February,9,0,0
1943,February,10,0,0
1943,March,11,0,0
1943,March,12,0,2
1943,March,13,2,2
1943,March,14,0,0
1943,April,15,0,0
1943,April,16,0,1
1943,April,17,1,3
1943,April,18,2,2
1943,April,19,0,4
1943,May,20,4,4
1943,May,21,0,3
1943,May,22,3,5
1943,May,23,2,4
1943,June,24,2,3
1943,June,25,1,2
1943,June,26,1,1
1943,June,27,0,0
1943,July,28,0,2
1943,July,29,2,4
1943,July,30,2,2
1943,July,31,0,2
1943,July,32,2,3
1943,August,33,1,1
1943,August,34,0,4
1943,August,35,4,8
1943,August,36,4,5
1943,September,37,1,5
1943,September,38,4,4
1943,September,39,0,1
1943,September,40,1,1
1943,September,41,0,0
1943,October,42,0,4
1943,October,43,4,6
1943,October,44,2,4
1943,October,45,2,2
1943,November,46,0,2
1943,November,47,2,3
1943,November,48,1,4
1943,November,49,3,4
1943,December,50,1,1
1943,December,51,0,1
1944,December,0,1,1
1944,December,1,0,0
1944,January,2,0,2
1944,January,3,2,3
1944,January,4,1,3
1944,January,5,2,2
1944,January,6,0,0
1944,February,7,0,1
1944,February,8,1,1
1944,February,9,0,0
1944,February,10,0,0
1944,March,11,0,0
1944,March,12,0,0
1944,March,13,0,0
1944,March,14,0,3
1944,March,15,3,3
1944,April,16,0,1
1944,April,17,1,1
1944,April,18,0,0
1944,April,19,0,0
1944,May,20,0,0
1944,May,21,0,0
1944,May,22,0,1
1944,May,23,1,1
1944,June,24,0,0
1944,June,25,0,0
1944,June,26,0,4
1944,June,27,4,7
1944,June,28,3,4
1944,July,29,1,1
1944,July,30,0,1
1944,July,31,1,1
1944,July,32,0,0
1944,August,33,0,0
1944,August,34,0,4
1944,August,35,4,7
1944,August,36,3,6
1944,August,37,3,3
1944,September,38,0,0
1944,September,39,0,1
1944,September,40,1,2
1944,September,41,1,2
1944,October,42,1,6
1944,October,43,5,7
1944,October,44,2,3
1944,October,45,1,5
1944,November,46,4,4
1944,November,47,0,6
1944,November,48,6,8
1944,November,49,2,5
1944,November,50,3,5
1944,December,51,2,4
1945,December,0,2,6
1945,December,1,4,7
1945,January,2,3,3
1945,January,3,0,0
1945,January,4,0,2
1945,January,5,2,5
1945,January,6,3,6
1945,February,7,3,8
1945,February,8,5,5
1945,February,9,0,0
1945,February,10,0,0
1945,March,11,0,0
1945,March,12,0,1
1945,March,13,1,1
1945,March,14,0,2
1945,March,15,2,2
1945,April,16,0,0
1945,April,17,0,0
1945,April,18,0,1
1945,April,19,1,4
1945,May,20,3,3
1945,May,21,0,1
1945,May,22,1,2
1945,May,23,1,7
1945,May,24,6,7
1945,June,25,1,1
1945,June,26,0,2
1945,June,27,2,3
1945,June,28,1,1
1945,July,29,0,1
1945,July,30,1,3
1945,July,31,2,3
1945,July,32,1,1
1945,August,33,0,1
1945,August,34,1,3
1945,August,35,2,5
1945,August,36,3,5
1945,August,37,2,2
1945,September,38,0,4
1945,September,39,4,5
1945,September,40,1,1
1945,September,41,0,0
1945,October,42,0,0
1945,October,43,0,5
1945,October,44,5,8
1945,October,45,3,3
1945,November,46,0,0
1945,November,47,0,0
1945,November,48,0,0
1945,November,49,0,3
1945,November,50,3,5
1945,December,51,2,2
1946,December,0,0,2
1946,December,1,2,4
1946,January,2,2,4
1946,January,3,2,4
1946,January,4,2,3
1946,January,5,1,3
1946,January,6,2,8
1946,January,7,6,8
1946,February,8,2,2
1946,February,9,0,2
1946,February,10,2,2
1946,February,11,0,0
1946,March,12,0,1
1946,March,13,1,2
1946,March,14,1,1
1946,March,15,0,1
1946,April,16,1,1
1946,April,17,0,1
1946,April,18,1,4
1946,April,19,3,4
1946,May,20,1,1
1946,May,21,0,4
1946,May,22,4,6
1946,May,23,2,4
1946,May,24,2,5
1946,June,25,3,4
1946,June,26,1,1
1946,June,27,0,1
1946,June,28,1,1
1946,July,29,0,2
1946,July,30,2,2
1946,July,31,0,2
1946,July,32,2,4
1946,August,33,2,5
1946,August,34,3,3
1946,August,35,0,2
1946,August,36,2,7
1946,August,37,5,6
1946,September,38,1,4
1946,September,39,3,6
1946,September,40,3,5
1946,September,41,2,2
1946,October,42,0,0
1946,October,43,0,1
1946,October,44,1,2
1946,October,45,1,1
1946,October,46,0,1
1946,November,47,1,4
1946,November,48,3,9
1946,November,49,6,10
1946,November,50,4,9
1946,December,51,5,5
1947,December,0,0,1
1947,December,1,1,6
1947,January,2,5,7
1947,January,3,2,6
1947,January,4,4,4
1947,January,5,0,0
1947,January,6,0,2
1947,January,7,2,2
1947,February,8,0,0
1947,February,9,0,0
1947,February,10,0,2
1947,February,11,2,6
1947,March,12,4,8
1947,March,13,4,9
1947,March,14,5,7
1947,March,15,2,5
1947,April,16,3,3
1947,April,17,0,3
1947,April,18,3,3
1947,April,19,0,1
1947,May,20,1,2
1947,May,21,1,2
1947,May,22,1,2
1947,May,23,1,1
1947,May,24,0,2
1947,June,25,2,4
1947,June,26,2,2
1947,June,27,0,2
1947,June,28,2,4
1947,July,29,2,2
1947,July,30,0,2
1947,July,31,2,3
1947,July,32,1,2
1947,July,33,1,1
1947,August,34,0,0
1947,August,35,0,0
1947,August,36,0,0
1947,August,37,0,0
1947,September,38,0,3
1947,September,39,3,3
1947,September,40,0,0
1947,September,41,0,0
1947,October,42,0,0
1947,October,43,0,2
1947,October,44,2,2
1947,October,45,0,3
1947,October,46,3,6
1947,November,47,3,6
1947,November,48,3,5
1947,November,49,2,2
1947,November,50,0,3
1947,December,51,3,8
1948,December,0,5,5
1948,December,1,0,2
1948,December,2,2,8
1948,January,3,6,9
1948,January,4,3,4
1948,January,5,1,5
1948,January,6,4,8
1948,January,7,4,5
1948,February,8,1,1
1948,February,9,0,0
1948,February,10,0,0
1948,February,11,0,0
1948,March,12,0,1
1948,March,13,1,1
1948,March,14,0,2
1948,March,15,2,4
1948,April,16,2,2
1948,April,17,0,1
1948,April,18,1,1
1948,April,19,0,3
1948,April,20,3,3
1948,May,21,0,0
1948,May,22,0,2
1948,May,23,2,4
1948,May,24,2,5
1948,June,25,3,4
1948,June,26,1,2
1948,June,27,1,1
1948,June,28,0,2
1948,July,29,2,2
1948,July,30,0,1
1948,July,31,1,1
1948,July,32,0,2
1948,July,33,2,6
1948,August,34,4,5
1948,August,35,1,3
1948,August,36,2,3
1948,August,37,1,4
1948,September,38,3,4
1948,September,39,1,1
1948,September,40,0,1
1948,September,41,1,1
1948,September,42,0,2
1948,October,43,2,6
1948,October,44,4,6
1948,October,45,2,5
1948,October,46,3,4
1948,November,47,1,2
1948,November,48,1,1
1948,November,49,0,0
1948,November,50,0,4
1948,December,51,4,6
1949,December,0,2,4
1949,December,1,2,3
1949,December,2,1,3
1949,January,3,2,2
1949,January,4,0,0
1949,January,5,0,0
1949,January,6,0,0
1949,January,7,0,2
1949,February,8,2,2
1949,February,9,0,0
1949,February,10,0,0
1949,February,11,0,3
1949,March,12,3,4
1949,March,13,1,1
1949,March,14,0,0
1949,March,15,0,4
1949,March,16,4,4
1949,April,17,0,0
1949,April,18,0,0
1949,April,19,0,0
1949,April,20,0,0
1949,May,21,0,2
1949,May,22,2,4
1949,May,23,2,4
1949,May,24,2,3
1949,June,25,1,1
1949,June,26,0,0
1949,June,27,0,0
1949,June,28,0,0
1949,June,29,0,0
1949,July,30,0,2
1949,July,31,2,2
1949,July,32,0,2
1949,July,33,2,3
1949,August,34,1,1
1949,August,35,0,0
1949,August,36,0,0
1949,August,37,0,0
1949,September,38,0,2
1949,September,39,2,3
1949,September,40,1,2
1949,September,41,1,1
1949,September,42,0,3
1949,October,43,3,7
1949,October,44,4,10
1949,October,45,6,6
1949,October,46,0,5
1949,November,47,5,7
1949,November,48,2,5
1949,November,49,3,3
1949,November,50,0,3
1949,December,51,3,5
1950,December,0,2,3
1950,December,1,1,1
1950,December,2,0,2
1950,January,3,2,3
1950,January,4,1,1
1950,January,5,0,0
1950,January,6,0,2
1950,January,7,2,8
1950,February,8,6,10
1950,February,9,4,5
1950,February,10,1,3
1950,February,11,2,2
1950,March,12,0,0
1950,March,13,0,4
1950,March,14,4,4
1950,March,15,0,0
1950,March,16,0,0
1950,April,17,0,1
1950,April,18,1,2
1950,April,19,1,1
1950,April,20,0,1
1950,May,21,1,1
1950,May,22,0,3
1950,May,23,3,4
1950,May,24,1,1
1950,June,25,0,0
1950,June,26,0,2
1950,June,27,2,3
1950,June,28,1,2
1950,June,29,1,2
1950,July,30,1,4
1950,July,31,3,4
1950,July,32,1,3
1950,July,33,2,3
1950,August,34,1,4
1950,August,35,3,7
1950,August,36,4,9
1950,August,37,5,7
1950,August,38,2,4
1950,September,39,2,6
1950,September,40,4,7
1950,September,41,3,6
1950,September,42,3,3
1950,October,43,0,1
1950,October,44,1,1
1950,October,45,0,1
1950,October,46,1,3
1950,November,47,2,8
1950,November,48,6,10
1950,November,49,4,6
1950,November,50,2,3
1950,November,51,1,2
1951,December,0,1,2
1951,December,1,1,4
1951,December,2,3,6
1951,January,3,3,8
1951,January,4,5,6
1951,January,5,1,1
1951,January,6,0,0
1951,January,7,0,2
1951,February,8,2,2
1951,February,9,0,6
1951,February,10,6,7
1951,February,11,1,2
1951,March,12,1,4
1951,March,13,3,8
1951,March,14,5,7
1951,March,15,2,4
1951,March,16,2,6
1951,April,17,4,5
1951,April,18,1,1
1951,April,19,0,2
1951,April,20,2,2
1951,May,21,0,0
1951,May,22,0,4
1951,May,23,4,6
1951,May,24,2,2
1951,May,25,0,0
1951,June,26,0,0
1951,June,27,0,0
1951,June,28,0,0
1951,June,29,0,2
1951,July,30,2,2
1951,July,31,0,1
1951,July,32,1,1
1951,July,33,0,3
1951,August,34,3,4
1951,August,35,1,2
1951,August,36,1,5
1951,August,37,4,6
1951,August,38,2,2
1951,September,39,0,1
1951,September,40,1,6
1951,September,41,5,6
1951,September,42,1,1
1951,October,43,0,0
1951,October,44,0,1
1951,October,45,1,2
1951,October,46,1,5
1951,November,47,4,7
1951,November,48,3,6
1951,November,49,3,6
1951,November,50,3,4
1951,November,51,1,1
1952,December,0,0,2
1952,December,1,2,4
1952,December,2,2,6
1952,January,3,4,7
1952,January,4,3,6
1952,January,5,3,3
1952,January,6,0,1
1952,January,7,1,2
1952,January,8,1,2
1952,February,9,1,1
1952,February,10,0,0
1952,February,11,0,1
1952,February,12,1,3
1952,March,13,2,2
1952,March,14,0,2
1952,March,15,2,2
1952,March,16,0,2
1952,April,17,2,3
1952,April,18,1,3
1952,April,19,2,2
1952,April,20,0,4
1952,May,21,4,5
1952,May,22,1,1
1952,May,23,0,0
1952,May,24,0,1
1952,May,25,1,3
1952,June,26,2,3
1952,June,27,1,2
1952,June,28,1,1
1952,June,29,0,2
1952,July,30,2,2
1952,July,31,0,0
1952,July,32,0,0
1952,July,33,0,3
1952,July,34,3,7
1952,August,35,4,7
1952,August,36,3,3
1952,August,37,0,0
1952,August,38,0,2
1952,September,39,2,2
1952,September,40,0,2
1952,September,41,2,5
1952,September,42,3,3
1952,October,43,0,2
1952,October,44,2,6
1952,October,45,4,6
1952,October,46,2,6
1952,October,47,4,4
1952,November,48,0,0
1952,November,49,0,4
1952,November,50,4,6
1952,November,51,2,3
1953,December,0,1,1
1953,December,1,0,0
1953,December,2,0,0
1953,December,3,0,1
1953,January,4,1,1
1953,January,5,0,0
1953,January,6,0,0
1953,January,7,0,1
1953,January,8,1,3
1953,February,9,2,3
1953,February,10,1,1
1953,February,11,0,0
1953,February,12,0,0
1953,March,13,0,0
1953,March,14,0,0
1953,March,15,0,4
1953,March,16,4,6
1953,April,17,2,3
1953,April,18,1,1
1953,April,19,0,1
1953,April,20,1,1
1953,April,21,0,1
1953,May,22,1,5
1953,May,23,4,5
1953,May,24,1,1
1953,May,25,0,0
1953,June,26,0,0
1953,June,27,0,1
1953,June,28,1,2
1953,June,29,1,1
1953,July,30,0,1
1953,July,31,1,3
1953,July,32,2,4
1953,July,33,2,3
1953,July,34,1,1
1953,August,35,0,2
1953,August,36,2,3
1953,August,37,1,4
1953,August,38,3,3
1953,September,39,0,3
1953,September,40,3,6
1953,September,41,3,4
1953,September,42,1,1
1953,October,43,0,1
1953,October,44,1,1
1953,October,45,0,2
1953,October,46,2,6
1953,October,47,4,5
1953,November,48,1,2
1953,November,49,1,1
1953,November,50,0,2
1953,November,51,2,7
1954,December,0,5,7
1954,December,1,2,2
1954,December,2,0,0
1954,December,3,0,0
1954,January,4,0,2
1954,January,5,2,4
1954,January,6,2,4
1954,January,7,2,2
1954,January,8,0,2
1954,February,9,2,4
1954,February,10,2,3
1954,February,11,1,4
1954,February,12,3,4
1954,March,13,1,1
1954,March,14,0,1
1954,March,15,1,3
1954,March,16,2,3
1954,April,17,1,1
1954,April,18,0,0
1954,April,19,0,0
1954,April,20,0,2
1954,April,21,2,2
1954,May,22,0,0
1954,May,23,0,1
1954,May,24,1,2
1954,May,25,1,6
1954,June,26,5,7
1954,June,27,2,2
1954,June,28,0,0
1954,June,29,0,0
1954,July,30,0,1
1954,July,31,1,3
1954,July,32,2,4
1954,July,33,2,3
1954,July,34,1,5
1954,August,35,4,5
1954,August,36,1,1
1954,August,37,0,0
1954,August,38,0,1
1954,September,39,1,3
1954,September,40,2,3
1954,September,41,1,3
1954,September,42,2,6
1954,September,43,4,4
1954,October,44,0,4
1954,October,45,4,7
1954,October,46,3,4
1954,October,47,1,5
1954,November,48,4,5
1954,November,49,1,5
1954,November,50,4,9
1954,November,51,5,5
1955,December,0,0,4
1955,December,1,4,6
1955,December,2,2,4
1955,December,3,2,3
1955,January,4,1,3
1955,January,5,2,4
1955,January,6,2,3
1955,January,7,1,3
1955,January,8,2,4
1955,February,9,2,2
1955,February,10,0,0
1955,February,11,0,0
1955,February,12,0,0
1955,March,13,0,0
1955,March,14,0,2
1955,March,15,2,4
1955,March,16,2,3
1955,March,17,1,2
1955,April,18,1,1
1955,April,19,0,0
1955,April,20,0,3
1955,April,21,3,5
1955,May,22,2,5
1955,May,23,3,3
1955,May,24,0,2
1955,May,25,2,5
1955,June,26,3,4
1955,June,27,1,2
1955,June,28,1,1
1955,June,29,0,1
1955,June,30,1,1
1955,July,31,0,1
1955,July,32,1,1
1955,July,33,0,0
1955,July,34,0,0
1955,August,35,0,0
1955,August,36,0,0
1955,August,37,0,0
1955,August,38,0,1
1955,September,39,1,2
1955,September,40,1,1
1955,September,41,0,0
1955,September,42,0,1
1955,September,43,1,2
1955,October,44,1,3
1955,October,45,2,2
1955,October,46,0,1
1955,October,47,1,7
1955,November,48,6,7
1955,November,49,1,1
1955,November,50,0,0
1955,November,51,0,0
1956,November,0,0,1
1956,December,1,1,3
1956,December,2,2,5
1956,December,3,3,6
1956,January,4,3,5
1956,January,5,2,3
1956,January,6,1,5
1956,January,7,4,6
1956,January,8,2,2
1956,February,9,0,0
1956,February,10,0,0
1956,February,11,0,0
1956,February,12,0,2
1956,March,13,2,2
1956,March,14,0,1
1956,March,15,1,2
1956,March,16,1,1
1956,March,17,0,0
1956,April,18,0,2
1956,April,19,2,2
1956,April,20,0,1
1956,April,21,1,2
1956,May,22,1,1
1956,May,23,0,0
1956,May,24,0,0
1956,May,25,0,2
1956,May,26,2,2
1956,June,27,0,1
1956,June,28,1,1
1956,June,29,0,2
1956,June,30,2,2
1956,July,31,0,1
1956,July,32,1,1
1956,July,33,0,3
1956,July,34,3,3
1956,August,35,0,1
1956,August,36,1,4
1956,August,37,3,7
1956,August,38,4,8
1956,August,39,4,6
1956,September,40,2,2
1956,September,41,0,1
1956,September,42,1,3
1956,September,43,2,4
1956,October,44,2,3
1956,October,45,1,1
1956,October,46,0,0
1956,October,47,0,0
1956,November,48,0,2
1956,November,49,2,2
1956,November,50,0,1
1956,November,51,1,1
1957,November,0,0,4
1957,December,1,4,4
1957,December,2,0,1
1957,December,3,1,1
1957,January,4,0,1
1957,January,5,1,1
1957,January,6,0,2
1957,January,7,2,4
1957,January,8,2,7
1957,January,9,5,10
1957,February,10,5,5
1957,February,11,0,1
1957,February,12,1,2
1957,February,13,1,3
1957,March,14,2,4
1957,March,15,2,4
1957,March,16,2,2
1957,March,17,0,0
1957,April,18,0,0
1957,April,19,0,0
1957,April,20,0,0
1957,April,21,0,1
1957,May,22,1,4
1957,May,23,3,4
1957,May,24,1,1
1957,May,25,0,0
1957,May,26,0,3
1957,June,27,3,4
1957,June,28,1,1
1957,June,29,0,1
1957,June,30,1,2
1957,July,31,1,4
1957,July,32,3,5
1957,July,33,2,3
1957,July,34,1,2
1957,August,35,1,6
1957,August,36,5,5
1957,August,37,0,0
1957,August,38,0,1
1957,August,39,1,5
1957,September,40,4,6
1957,September,41,2,7
1957,September,42,5,5
1957,September,43,0,0
1957,October,44,0,1
1957,October,45,1,4
1957,October,46,3,6
1957,October,47,3,9
1957,October,48,6,6
1957,November,49,0,0
1957,November,50,0,0
1957,November,51,0,0
1958,November,0,0,2
1958,December,1,2,6
1958,December,2,4,6
1958,December,3,2,6
1958,January,4,4,8
1958,January,5,4,6
1958,January,6,2,2
1958,January,7,0,3
1958,January,8,3,3
1958,January,9,0,5
1958,February,10,5,6
1958,February,11,1,5
1958,February,12,4,5
1958,February,13,1,2
1958,March,14,1,2
1958,March,15,1,2
1958,March,16,1,2
1958,March,17,1,1
1958,April,18,0,0
1958,April,19,0,0
1958,April,20,0,1
1958,April,21,1,2
1958,May,22,1,2
1958,May,23,1,2
1958,May,24,1,4
1958,May,25,3,4
1958,May,26,1,3
1958,June,27,2,2
1958,June,28,0,1
1958,June,29,1,2
1958,June,30,1,1
1958,July,31,0,2
1958,July,32,2,2
1958,July,33,0,2
1958,July,34,2,2
1958,July,35,0,4
1958,August,36,4,6
1958,August,37,2,5
1958,August,38,3,5
1958,August,39,2,2
1958,September,40,0,1
1958,September,41,1,5
1958,September,42,4,8
1958,September,43,4,10
1958,October,44,6,9
1958,October,45,3,3
1958,October,46,0,0
1958,October,47,0,4
1958,October,48,4,5
1958,November,49,1,1
1958,November,50,0,0
1958,November,51,0,3
1959,November,0,3,8
1959,December,1,5,9
1959,December,2,4,9
1959,December,3,5,9
1959,December,4,4,10
1959,January,5,6,7
1959,January,6,1,6
1959,January,7,5,5
1959,January,8,0,0
1959,January,9,0,0
1959,February,10,0,0
1959,February,11,0,0
1959,February,12,0,3
1959,February,13,3,4
1959,March,14,1,2
1959,March,15,1,2
1959,March,16,1,2
1959,March,17,1,2
1959,April,18,1,3
1959,April,19,2,3
1959,April,20,1,4
1959,April,21,3,3
1959,April,22,0,1
1959,May,23,1,1
1959,May,24,0,1
1959,May,25,1,1
1959,May,26,0,2
1959,June,27,2,2
1959,June,28,0,1
1959,June,29,1,2
1959,June,30,1,1
1959,July,31,0,1
1959,July,32,1,3
1959,July,33,2,4
1959,July,34,2,2
1959,July,35,0,3
1959,August,36,3,4
1959,August,37,1,1
1959,August,38,0,0
1959,August,39,0,0
1959,September,40,0,0
1959,September,41,0,1
1959,September,42,1,1
1959,September,43,0,1
1959,October,44,1,3
1959,October,45,2,7
1959,October,46,5,8
1959,October,47,3,4
1959,October,48,1,2
1959,November,49,1,5
1959,November,50,4,7
1959,November,51,3,7
1960,November,0,4,7
1960,December,1,3,3
1960,December,2,0,1
1960,December,3,1,5
1960,December,4,4,8
1960,January,5,4,4
1960,January,6,0,2
1960,January,7,2,6
1960,January,8,4,7
1960,January,9,3,3
1960,February,10,0,2
1960,February,11,2,4
1960,February,12,2,4
1960,February,13,2,2
1960,March,14,0,1
1960,March,15,1,2
1960,March,16,1,1
1960,March,17,0,3
1960,March,18,3,4
1960,April,19,1,2
1960,April,20,1,1
1960,April,21,0,0
1960,April,22,0,2
1960,May,23,2,3
1960,May,24,1,1
1960,May,25,0,0
1960,May,26,0,1
1960,June,27,1,1
1960,June,28,0,1
1960,June,29,1,1
1960,June,30,0,1
1960,June,31,1,4
1960,July,32,3,5
1960,July,33,2,3
1960,July,34,1,2
1960,July,35,1,3
1960,August,36,2,4
1960,August,37,2,4
1960,August,38,2,5
1960,August,39,3,5
1960,September,40,2,3
1960,September,41,1,5
1960,September,42,4,7
1960,September,43,3,7
1960,September,44,4,7
1960,October,45,3,4
1960,October,46,1,7
1960,October,47,6,10
1960,October,48,4,6
1960,November,49,2,6
1960,November,50,4,7
1960,November,51,3,4
1961,November,0,1,5
1961,November,1,4,9
1961,December,2,5,5
1961,December,3,0,0
1961,December,4,0,4
1961,January,5,4,6
1961,January,6,2,2
1961,January,7,0,2
1961,January,8,2,7
1961,January,9,5,9
1961,February,10,4,4
1961,February,11,0,0
1961,February,12,0,5
1961,February,13,5,5
1961,March,14,0,0
1961,March,15,0,0
1961,March,16,0,0
1961,March,17,0,3
1961,March,18,3,6
1961,April,19,3,4
1961,April,20,1,5
1961,April,21,4,5
1961,April,22,1,2
1961,May,23,1,1
1961,May,24,0,0
1961,May,25,0,0
1961,May,26,0,0
1961,June,27,0,1
1961,June,28,1,1
1961,June,29,0,0
1961,June,30,0,1
1961,June,31,1,3
1961,July,32,2,3
1961,July,33,1,1
1961,July,34,0,1
1961,July,35,1,3
1961,August,36,2,3
1961,August,37,1,2
1961,August,38,1,2
1961,August,39,1,2
1961,August,40,1,4
1961,September,41,3,3
1961,September,42,0,1
1961,September,43,1,5
1961,September,44,4,8
1961,October,45,4,5
1961,October,46,1,5
1961,October,47,4,7
1961,October,48,3,4
1961,November,49,1,1
1961,November,50,0,0
1961,November,51,0,0
1962,November,0,0,0
1962,November,1,0,2
1962,December,2,2,4
1962,December,3,2,3
1962,December,4,1,3
1962,January,5,2,5
1962,January,6,3,6
1962,January,7,3,7
1962,January,8,4,4
1962,January,9,0,1
1962,February,10,1,2
1962,February,11,1,1
1962,February,12,0,0
1962,February,13,0,1
1962,March,14,1,2
1962,March,15,1,2
1962,March,16,1,3
1962,March,17,2,5
1962,March,18,3,4
1962,April,19,1,1
1962,April,20,0,1
1962,April,21,1,1
1962,April,22,0,2
1962,May,23,2,2
1962,May,24,0,2
1962,May,25,2,2
1962,May,26,0,0
1962,May,27,0,0
1962,June,28,0,0
1962,June,29,0,0
1962,June,30,0,0
1962,June,31,0,1
1962,July,32,1,2
1962,July,33,1,2
1962,July,34,1,1
1962,July,35,0,2
1962,August,36,2,4
1962,August,37,2,3
1962,August,38,1,3
1962,August,39,2,4
1962,August,40,2,5
1962,September,41,3,3
1962,September,42,0,0
1962,September,43,0,3
1962,September,44,3,3
1962,October,45,0,0
1962,October,46,0,0
1962,October,47,0,2
1962,October,48,2,5
1962,November,49,3,3
1962,November,50,0,3
1962,November,51,3,6
1963,November,0,3,5
1963,November,1,2,2
1963,December,2,0,0
1963,December,3,0,1
1963,December,4,1,2
1963,January,5,1,2
1963,January,6,1,1
1963,January,7,0,0
1963,January,8,0,0
1963,January,9,0,2
1963,January,10,2,2
1963,February,11,0,1
1963,February,12,1,1
1963,February,13,0,0
1963,February,14,0,4
1963,March,15,4,8
1963,March,16,4,6
1963,March,17,2,3
1963,March,18,1,1
1963,April,19,0,3
1963,April,20,3,6
1963,April,21,3,4
1963,April,22,1,2
1963,May,23,1,1
1963,May,24,0,0
1963,May,25,0,0
1963,May,26,0,0
1963,May,27,0,0
1963,June,28,0,3
1963,June,29,3,3
1963,June,30,0,5
1963,June,31,5,7
1963,July,32,2,4
1963,July,33,2,2
1963,July,34,0,0
1963,July,35,0,1
1963,August,36,1,1
1963,August,37,0,2
1963,August,38,2,4
1963,August,39,2,4
1963,August,40,2,2
1963,September,41,0,0
1963,September,42,0,2
1963,September,43,2,2
1963,September,44,0,1
1963,October,45,1,2
1963,October,46,1,1
1963,October,47,0,1
1963,October,48,1,5
1963,October,49,4,8
1963,November,50,4,7
1963,November,51,3,3
1964,November,0,0,2
1964,November,1,2,5
1964,December,2,3,5
1964,December,3,2,2
1964,December,4,0,4
1964,January,5,4,4
1964,January,6,0,0
1964,January,7,0,0
1964,January,8,0,1
1964,January,9,1,2
1964,January,10,1,1
1964,February,11,0,0
1964,February,12,0,2
1964,February,13,2,2
1964,February,14,0,0
1964,March,15,0,4
1964,March,16,4,6
1964,March,17,2,2
1964,March,18,0,0
1964,April,19,0,1
1964,April,20,1,4
1964,April,21,3,4
1964,April,22,1,3
1964,April,23,2,2
1964,May,24,0,0
1964,May,25,0,1
1964,May,26,1,4
1964,May,27,3,5
1964,June,28,2,3
1964,June,29,1,1
1964,June,30,0,0
1964,June,31,0,1
1964,July,32,1,4
1964,July,33,3,3
1964,July,34,0,0
1964,July,35,0,0
1964,July,36,0,2
1964,August,37,2,4
1964,August,38,2,3
1964,August,39,1,1
1964,August,40,0,1
1964,September,41,1,3
1964,September,42,2,2
1964,September,43,0,0
1964,September,44,0,3
1964,October,45,3,5
1964,October,46,2,3
1964,October,47,1,1
1964,October,48,0,0
1964,October,49,0,1
1964,November,50,1,6
1964,November,51,5,7
1965,November,0,2,7
1965,November,1,5,9
1965,December,2,4,7
1965,December,3,3,7
1965,December,4,4,6
1965,December,5,2,4
1965,January,6,2,4
1965,January,7,2,7
1965,January,8,5,7
1965,January,9,2,2
1965,January,10,0,0
1965,February,11,0,0
1965,February,12,0,0
1965,February,13,0,1
1965,February,14,1,1
1965,March,15,0,2
1965,March,16,2,6
1965,March,17,4,5
1965,March,18,1,1
1965,April,19,0,2
1965,April,20,2,3
1965,April,21,1,1
1965,April,22,0,2
1965,April,23,2,2
1965,May,24,0,2
1965,May,25,2,4
1965,May,26,2,2
1965,May,27,0,1
1965,June,28,1,3
1965,June,29,2,4
1965,June,30,2,2
1965,June,31,0,0
1965,July,32,0,3
1965,July,33,3,4
1965,July,34,1,5
1965,July,35,4,5
1965,July,36,1,1
1965,August,37,0,0
1965,August,38,0,2
1965,August,39,2,2
1965,August,40,0,2
1965,September,41,2,5
1965,September,42,3,4
1965,September,43,1,4
1965,September,44,3,6
1965,September,45,3,3
1965,October,46,0,0
1965,October,47,0,0
1965,October,48,0,1
1965,October,49,1,4
1965,November,50,3,4
1965,November,51,1,1
1966,November,0,0,2
1966,November,1,2,4
1966,December,2,2,5
1966,December,3,3,4
1966,December,4,1,4
1966,December,5,3,6
1966,January,6,3,4
1966,January,7,1,1
1966,January,8,0,3
1966,January,9,3,3
1966,January,10,0,5
1966,February,11,5,5
1966,February,12,0,4
1966,February,13,4,9
1966,February,14,5,5
1966,March,15,0,0
1966,March,16,0,0
1966,March,17,0,0
1966,March,18,0,2
1966,March,19,2,4
1966,April,20,2,6
1966,April,21,4,8
1966,April,22,4,5
1966,April,23,1,4
1966,May,24,3,4
1966,May,25,1,1
1966,May,26,0,0
1966,May,27,0,1
1966,June,28,1,2
1966,June,29,1,1
1966,June,30,0,0
1966,June,31,0,0
1966,June,32,0,1
1966,July,33,1,1
1966,July,34,0,0
1966,July,35,0,3
1966,July,36,3,6
1966,August,37,3,3
1966,August,38,0,0
1966,August,39,0,3
1966,August,40,3,5
1966,September,41,2,3
1966,September,42,1,1
1966,September,43,0,0
1966,September,44,0,4
1966,September,45,4,5
1966,October,46,1,6
1966,October,47,5,6
1966,October,48,1,1
1966,October,49,0,2
1966,November,50,2,4
1966,November,51,2,2
1967,November,0,0,1
1967,November,1,1,1
1967,November,2,0,1
1967,December,3,1,2
1967,December,4,1,4
1967,December,5,3,4
1967,January,6,1,1
1967,January,7,0,1
1967,January,8,1,5
1967,January,9,4,6
1967,January,10,2,2
1967,February,11,0,1
1967,February,12,1,6
1967,February,13,5,7
1967,February,14,2,4
1967,March,15,2,4
1967,March,16,2,2
1967,March,17,0,1
1967,March,18,1,2
1967,March,19,1,1
1967,April,20,0,0
1967,April,21,0,0
1967,April,22,0,1
1967,April,23,1,3
1967,May,24,2,4
1967,May,25,2,7
1967,May,26,5,8
1967,May,27,3,3
1967,June,28,0,0
1967,June,29,0,0
1967,June,30,0,2
1967,June,31,2,2
1967,June,32,0,0
1967,July,33,0,1
1967,July,34,1,2
1967,July,35,1,3
1967,July,36,2,3
1967,August,37,1,3
1967,August,38,2,3
1967,August,39,1,1
1967,August,40,0,3
1967,August,41,3,4
1967,September,42,1,3
1967,September,43,2,5
1967,September,44,3,6
1967,September,45,3,5
1967,October,46,2,5
1967,October,47,3,4
1967,October,48,1,7
1967,October,49,6,8
1967,November,50,2,2
1967,November,51,0,0
1968,November,0,0,4
1968,November,1,4,5
1968,November,2,1,1
1968,December,3,0,4
1968,December,4,4,8
1968,December,5,4,4
1968,January,6,0,3
1968,January,7,3,5
1968,January,8,2,2
1968,January,9,0,1
1968,January,10,1,3
1968,February,11,2,3
1968,February,12,1,1
1968,February,13,0,0
1968,February,14,0,0
1968,February,15,0,0
1968,March,16,0,2
1968,March,17,2,5
1968,March,18,3,5
1968,March,19,2,2
1968,April,20,0,1
1968,April,21,1,2
1968,April,22,1,3
1968,April,23,2,4
1968,May,24,2,4
1968,May,25,2,2
1968,May,26,0,2
1968,May,27,2,4
1968,May,28,2,2
1968,June,29,0,1
1968,June,30,1,5
1968,June,31,4,7
1968,June,32,3,6
1968,July,33,3,4
1968,July,34,1,1
1968,July,35,0,0
1968,July,36,0,0
1968,August,37,0,0
1968,August,38,0,2
1968,August,39,2,2
1968,August,40,0,1
1968,August,41,1,1
1968,September,42,0,2
1968,September,43,2,5
1968,September,44,3,6
1968,September,45,3,5
1968,October,46,2,3
1968,October,47,1,1
1968,October,48,0,3
1968,October,49,3,4
1968,October,50,1,1
1968,November,51,0,4
1969,November,0,4,6
1969,November,1,2,3
1969,November,2,1,1
1969,December,3,0,3
1969,December,4,3,7
1969,December,5,4,4
1969,January,6,0,1
1969,January,7,1,6
1969,January,8,5,8
1969,January,9,3,3
1969,January,10,0,1
1969,January,11,1,2
1969,February,12,1,2
1969,February,13,1,3
1969,February,14,2,2
1969,February,15,0,2
1969,March,16,2,4
1969,March,17,2,2
1969,March,18,0,1
1969,March,19,1,1
1969,April,20,0,0
1969,April,21,0,3
1969,April,22,3,4
1969,April,23,1,4
1969,May,24,3,4
1969,May,25,1,2
1969,May,26,1,3
1969,May,27,2,3
1969,May,28,1,1
1969,June,29,0,1
1969,June,30,1,2
1969,June,31,1,1
1969,June,32,0,1
1969,July,33,1,1
1969,July,34,0,0
1969,July,35,0,1
1969,July,36,1,3
1969,July,37,2,5
1969,August,38,3,3
1969,August,39,0,0
1969,August,40,0,0
1969,August,41,0,1
1969,September,42,1,2
1969,September,43,1,2
1969,September,44,1,1
1969,September,45,0,0
1969,October,46,0,1
1969,October,47,1,2
1969,October,48,1,1
1969,October,49,0,0
1969,October,50,0,5
1969,November,51,5,11
1970,November,0,6,8
1970,November,1,2,6
1970,November,2,4,6
1970,December,3,2,3
1970,December,4,1,1
1970,December,5,0,0
1970,December,6,0,0
1970,January,7,0,6
1970,January,8,6,10
1970,January,9,4,7
1970,January,10,3,7
1970,January,11,4,6
1970,February,12,2,4
1970,February,13,2,6
1970,February,14,4,5
1970,February,15,1,3
1970,March,16,2,3
1970,March,17,1,1
1970,March,18,0,0
1970,March,19,0,1
1970,April,20,1,3
1970,April,21,2,4
1970,April,22,2,4
1970,April,23,2,2
1970,April,24,0,2
1970,May,25,2,3
1970,May,26,1,1
1970,May,27,0,0
1970,May,28,0,0
1970,June,29,0,1
1970,June,30,1,3
1970,June,31,2,2
1970,June,32,0,1
1970,July,33,1,2
1970,July,34,1,2
1970,July,35,1,4
1970,July,36,3,4
1970,July,37,1,2
1970,August,38,1,3
1970,August,39,2,3
1970,August,40,1,2
1970,August,41,1,3
1970,September,42,2,4
1970,September,43,2,2
1970,September,44,0,1
1970,September,45,1,2
1970,October,46,1,2
1970,October,47,1,2
1970,October,48,1,3
1970,October,49,2,5
1970,October,50,3,5
1970,November,51,2,2
1971,November,0,0,2
1971,November,1,2,5
1971,November,2,3,3
1971,December,3,0,0
1971,December,4,0,4
1971,December,5,4,5
1971,December,6,1,2
1971,January,7,1,2
1971,January,8,1,4
1971,January,9,3,9
1971,January,10,6,9
1971,January,11,3,3
1971,February,12,0,3
1971,February,13,3,3
1971,February,14,0,2
1971,February,15,2,2
1971,March,16,0,2
1971,March,17,2,4
1971,March,18,2,2
1971,March,19,0,0
1971,April,20,0,0
1971,April,21,0,0
1971,April,22,0,3
1971,April,23,3,3
1971,April,24,0,0
1971,May,25,0,0
1971,May,26,0,1
1971,May,27,1,2
1971,May,28,1,2
1971,June,29,1,4
1971,June,30,3,5
1971,June,31,2,3
1971,June,32,1,1
1971,July,33,0,0
1971,July,34,0,0
1971,July,35,0,1
1971,July,36,1,4
1971,July,37,3,6
1971,August,38,3,5
1971,August,39,2,3
1971,August,40,1,1
1971,August,41,0,0
1971,September,42,0,1
1971,September,43,1,1
1971,September,44,0,1
1971,September,45,1,2
1971,September,46,1,4
1971,October,47,3,8
1971,October,48,5,5
1971,October,49,0,0
1971,October,50,0,3
1971,November,51,3,6
1972,November,0,3,7
1972,November,1,4,5
1972,November,2,1,8
1972,November,3,7,11
1972,December,4,4,4
1972,December,5,0,1
1972,December,6,1,2
1972,January,7,1,6
1972,January,8,5,7
1972,January,9,2,5
1972,January,10,3,6
1972,January,11,3,5
1972,February,12,2,5
1972,February,13,3,3
1972,February,14,0,2
1972,February,15,2,6
1972,March,16,4,4
1972,March,17,0,0
1972,March,18,0,0
1972,March,19,0,2
1972,March,20,2,6
1972,April,21,4,5
1972,April,22,1,1
1972,April,23,0,3
1972,April,24,3,5
1972,May,25,2,3
1972,May,26,1,2
1972,May,27,1,3
1972,May,28,2,4
1972,June,29,2,4
1972,June,30,2,2
1972,June,31,0,0
1972,June,32,0,0
1972,June,33,0,1
1972,July,34,1,2
1972,July,35,1,1
1972,July,36,0,1
1972,July,37,1,3
1972,August,38,2,2
1972,August,39,0,0
1972,August,40,0,0
1972,August,41,0,0
1972,August,42,0,1
1972,September,43,1,1
1972,September,44,0,0
1972,September,45,0,0
1972,September,46,0,1
1972,October,47,1,1
1972,October,48,0,0
1972,October,49,0,3
1972,October,50,3,5
1972,November,51,2,4
1973,November,0,2,2
1973,November,1,0,1
1973,November,2,1,2
1973,November,3,1,4
1973,December,4,3,5
1973,December,5,2,3
1973,December,6,1,2
1973,January,7,1,1
1973,January,8,0,2
1973,January,9,2,4
1973,January,10,2,3
1973,January,11,1,2
1973,February,12,1,4
1973,February,13,3,3
1973,February,14,0,0
1973,February,15,0,1
1973,March,16,1,1
1973,March,17,0,0
1973,March,18,0,0
1973,March,19,0,1
1973,March,20,1,1
1973,April,21,0,0
1973,April,22,0,1
1973,April,23,1,2
1973,April,24,1,3
1973,May,25,2,3
1973,May,26,1,5
1973,May,27,4,5
1973,May,28,1,1
1973,May,29,0,0
1973,June,30,0,1
1973,June,31,1,3
1973,June,32,2,2
1973,June,33,0,0
1973,July,34,0,2
1973,July,35,2,3
1973,July,36,1,1
1973,July,37,0,3
1973,August,38,3,3
1973,August,39,0,1
1973,August,40,1,1
1973,August,41,0,1
1973,August,42,1,1
1973,September,43,0,2
1973,September,44,2,2
1973,September,45,0,2
1973,September,46,2,2
1973,October,47,0,2
1973,October,48,2,4
1973,October,49,2,2
1973,October,50,0,1
1973,November,51,1,5
1974,November,0,4,6
1974,November,1,2,3
1974,November,2,1,1
1974,November,3,0,1
1974,December,4,1,3
1974,December,5,2,5
1974,December,6,3,5
1974,January,7,2,6
1974,January,8,4,10
1974,January,9,6,6
1974,January,10,0,4
1974,January,11,4,7
1974,January,12,3,8
1974,February,13,5,7
1974,February,14,2,2
1974,February,15,0,1
1974,February,16,1,1
1974,March,17,0,2
1974,March,18,2,2
1974,March,19,0,0
1974,March,20,0,1
1974,April,21,1,1
1974,April,22,0,0
1974,April,23,0,0
1974,April,24,0,1
1974,May,25,1,4
1974,May,26,3,3
1974,May,27,0,0
1974,May,28,0,0
1974,May,29,0,1
1974,June,30,1,2
1974,June,31,1,3
1974,June,32,2,3
1974,June,33,1,1
1974,July,34,0,1
1974,July,35,1,1
1974,July,36,0,0
1974,July,37,0,2
1974,August,38,2,7
1974,August,39,5,5
1974,August,40,0,1
1974,August,41,1,7
1974,August,42,6,9
1974,September,43,3,4
1974,September,44,1,4
1974,September,45,3,5
1974,September,46,2,3
1974,October,47,1,1
1974,October,48,0,2
1974,October,49,2,2
1974,October,50,0,2
1974,October,51,2,2
1975,November,0,0,1
1975,November,1,1,4
1975,November,2,3,5
1975,November,3,2,2
1975,December,4,0,0
1975,December,5,0,1
1975,December,6,1,1
1975,January,7,0,0
1975,January,8,0,1
1975,January,9,1,6
1975,January,10,5,10
1975,January,11,5,6
1975,January,12,1,1
1975,February,13,0,1
1975,February,14,1,1
1975,February,15,0,1
1975,February,16,1,2
1975,March,17,1,1
1975,March,18,0,2
1975,March,19,2,2
1975,March,20,0,0
1975,April,21,0,1
1975,April,22,1,2
1975,April,23,1,1
1975,April,24,0,0
1975,May,25,0,1
1975,May,26,1,1
1975,May,27,0,0
1975,May,28,0,0
1975,May,29,0,0
1975,June,30,0,0
1975,June,31,0,0
1975,June,32,0,0
1975,June,33,0,2
1975,July,34,2,4
1975,July,35,2,2
1975,July,36,0,0
1975,July,37,0,1
1975,July,38,1,2
1975,August,39,1,5
1975,August,40,4,4
1975,August,41,0,0
1975,August,42,0,0
1975,September,43,0,3
1975,September,44,3,4
1975,September,45,1,4
1975,September,46,3,4
1975,October,47,1,2
1975,October,48,1,1
1975,October,49,0,0
1975,October,50,0,2
1975,October,51,2,3
1976,November,0,1,1
1976,November,1,0,0
1976,November,2,0,5
1976,November,3,5,8
1976,December,4,3,3
1976,December,5,0,3
1976,December,6,3,3
1976,December,7,0,4
1976,January,8,4,5
1976,January,9,1,1
1976,January,10,0,1
1976,January,11,1,1
1976,January,12,0,1
1976,February,13,1,2
1976,February,14,1,1
1976,February,15,0,0
1976,February,16,0,0
1976,March,17,0,3
1976,March,18,3,4
1976,March,19,1,1
1976,March,20,0,0
1976,April,21,0,0
1976,April,22,0,0
1976,April,23,0,0
1976,April,24,0,0
1976,April,25,0,0
1976,May,26,0,1
1976,May,27,1,1
1976,May,28,0,0
1976,May,29,0,0
1976,June,30,0,0
1976,June,31,0,1
1976,June,32,1,1
1976,June,33,0,0
1976,July,34,0,1
1976,July,35,1,2
1976,July,36,1,1
1976,July,37,0,0
1976,July,38,0,0
1976,August,39,0,0
1976,August,40,0,0
1976,August,41,0,1
1976,August,42,1,1
1976,September,43,0,3
1976,September,44,3,6
1976,September,45,3,8
1976,September,46,5,10
1976,September,47,5,8
1976,October,48,3,6
1976,October,49,3,4
1976,October,50,1,3
1976,October,51,2,5
1977,November,0,3,6
1977,November,1,3,5
1977,November,2,2,2
1977,November,3,0,1
1977,December,4,1,4
1977,December,5,3,5
1977,December,6,2,6
1977,December,7,4,5
1977,January,8,1,2
1977,January,9,1,4
1977,January,10,3,8
1977,January,11,5,8
1977,January,12,3,7
1977,February,13,4,6
1977,February,14,2,9
1977,February,15,7,8
1977,February,16,1,1
1977,March,17,0,2
1977,March,18,2,4
1977,March,19,2,3
1977,March,20,1,2
1977,March,21,1,1
1977,April,22,0,0
1977,April,23,0,4
1977,April,24,4,5
1977,April,25,1,2
1977,May,26,1,1
1977,May,27,0,0
1977,May,28,0,0
1977,May,29,0,0
1977,June,30,0,4
1977,June,31,4,4
1977,June,32,0,0
1977,June,33,0,0
1977,June,34,0,0
1977,July,35,0,1
1977,July,36,1,1
1977,July,37,0,0
1977,July,38,0,0
1977,August,39,0,2
1977,August,40,2,4
1977,August,41,2,3
1977,August,42,1,2
1977,September,43,1,1
1977,September,44,0,0
1977,September,45,0,1
1977,September,46,1,4
1977,September,47,3,4
1977,October,48,1,1
1977,October,49,0,0
1977,October,50,0,4
1977,October,51,4,4
1978,November,0,0,2
1978,November,1,2,3
1978,November,2,1,1
1978,November,3,0,2
1978,November,4,2,9
1978,December,5,7,8
1978,December,6,1,5
1978,December,7,4,7
1978,January,8,3,4
1978,January,9,1,2
1978,January,10,1,5
1978,January,11,4,8
1978,January,12,4,5
1978,February,13,1,2
1978,February,14,1,6
1978,February,15,5,8
1978,February,16,3,3
1978,March,17,0,3
1978,March,18,3,6
1978,March,19,3,6
1978,March,20,3,4
1978,March,21,1,1
1978,April,22,0,2
1978,April,23,2,3
1978,April,24,1,2
1978,April,25,1,1
1978,May,26,0,0
1978,May,27,0,0
1978,May,28,0,0
1978,May,29,0,0
1978,June,30,0,0
1978,June,31,0,2
1978,June,32,2,3
1978,June,33,1,2
1978,June,34,1,1
1978,July,35,0,0
1978,July,36,0,3
1978,July,37,3,6
1978,July,38,3,3
1978,August,39,0,0
1978,August,40,0,0
1978,August,41,0,0
1978,August,42,0,0
1978,August,43,0,1
1978,September,44,1,1
1978,September,45,0,1
1978,September,46,1,2
1978,September,47,1,1
1978,October,48,0,0
1978,October,49,0,0
1978,October,50,0,0
1978,October,51,0,6
1979,November,0,6,9
1979,November,1,3,3
1979,November,2,0,1
1979,November,3,1,2
1979,November,4,1,5
1979,December,5,4,7
1979,December,6,3,4
1979,December,7,1,2
1979,January,8,1,4
1979,January,9,3,3
1979,January,10,0,3
1979,January,11,3,6
1979,January,12,3,5
1979,February,13,2,6
1979,February,14,4,4
1979,February,15,0,1
1979,February,16,1,3
1979,March,17,2,6
1979,March,18,4,6
1979,March,19,2,6
1979,March,20,4,4
1979,March,21,0,2
1979,April,22,2,2
1979,April,23,0,1
1979,April,24,1,2
1979,April,25,1,1
1979,May,26,0,2
1979,May,27,2,4
1979,May,28,2,6
1979,May,29,4,4
1979,May,30,0,0
1979,June,31,0,0
1979,June,32,0,1
1979,June,33,1,1
1979,June,34,0,0
1979,July,35,0,0
1979,July,36,0,0
1979,July,37,0,2
1979,July,38,2,3
1979,August,39,1,3
1979,August,40,2,3
1979,August,41,1,3
1979,August,42,2,3
1979,August,43,1,1
1979,September,44,0,2
1979,September,45,2,2
1979,September,46,0,1
1979,September,47,1,2
1979,October,48,1,2
1979,October,49,1,3
1979,October,50,2,3
1979,October,51,1,1
1980,October,0,0,0
1980,November,1,0,4
1980,November,2,4,6
1980,November,3,2,3
1980,November,4,1,2
1980,December,5,1,5
1980,December,6,4,6
1980,December,7,2,2
1980,January,8,0,1
1980,January,9,1,2
1980,January,10,1,3
1980,January,11,2,3
1980,January,12,1,6
1980,January,13,5,7
1980,February,14,2,2
1980,February,15,0,2
1980,February,16,2,3
1980,February,17,1,3
1980,March,18,2,2
1980,March,19,0,2
1980,March,20,2,6
1980,March,21,4,4
1980,April,22,0,0
1980,April,23,0,0
1980,April,24,0,0
1980,April,25,0,0
1980,May,26,0,0
1980,May,27,0,1
1980,May,28,1,2
1980,May,29,1,2
1980,May,30,1,2
1980,June,31,1,6
1980,June,32,5,7
1980,June,33,2,3
1980,June,34,1,2
1980,July,35,1,2
1980,July,36,1,2
1980,July,37,1,1
1980,July,38,0,0
1980,July,39,0,1
1980,August,40,1,2
1980,August,41,1,1
1980,August,42,0,1
1980,August,43,1,3
1980,September,44,2,3
1980,September,45,1,2
1980,September,46,1,2
1980,September,47,1,3
1980,October,48,2,5
1980,October,49,3,5
1980,October,50,2,5
1980,October,51,3,5
1981,October,0,2,2
1981,November,1,0,2
1981,November,2,2,3
1981,November,3,1,3
1981,November,4,2,3
1981,December,5,1,3
1981,December,6,2,3
1981,December,7,1,5
1981,December,8,4,4
1981,January,9,0,1
1981,January,10,1,3
1981,January,11,2,2
1981,January,12,0,1
1981,January,13,1,2
1981,February,14,1,1
1981,February,15,0,2
1981,February,16,2,5
1981,February,17,3,10
1981,March,18,7,9
1981,March,19,2,8
1981,March,20,6,6
1981,March,21,0,0
1981,April,22,0,0
1981,April,23,0,0
1981,April,24,0,3
1981,April,25,3,5
1981,April,26,2,3
1981,May,27,1,4
1981,May,28,3,6
1981,May,29,3,4
1981,May,30,1,2
1981,June,31,1,1
1981,June,32,0,0
1981,June,33,0,0
1981,June,34,0,0
1981,July,35,0,0
1981,July,36,0,1
1981,July,37,1,1
1981,July,38,0,2
1981,July,39,2,3
1981,August,40,1,2
1981,August,41,1,1
1981,August,42,0,0
1981,August,43,0,0
1981,September,44,0,3
1981,September,45,3,6
1981,September,46,3,7
1981,September,47,4,8
1981,October,48,4,8
1981,October,49,4,6
1981,October,50,2,4
1981,October,51,2,3
1982,October,0,1,4
1982,November,1,3,7
1982,November,2,4,8
1982,November,3,4,5
1982,November,4,1,2
1982,December,5,1,4
1982,December,6,3,7
1982,December,7,4,5
1982,December,8,1,4
1982,January,9,3,5
1982,January,10,2,2
1982,January,11,0,1
1982,January,12,1,1
1982,January,13,0,2
1982,February,14,2,3
1982,February,15,1,3
1982,February,16,2,4
1982,February,17,2,4
1982,March,18,2,5
1982,March,19,3,3
1982,March,20,0,0
1982,March,21,0,1
1982,April,22,1,1
1982,April,23,0,0
1982,April,24,0,0
1982,April,25,0,1
1982,April,26,1,1
1982,May,27,0,0
1982,May,28,0,1
1982,May,29,1,1
1982,May,30,0,0
1982,June,31,0,1
1982,June,32,1,5
1982,June,33,4,6
1982,June,34,2,2
1982,July,35,0,4
1982,July,36,4,4
1982,July,37,0,0
1982,July,38,0,0
1982,July,39,0,1
1982,August,40,1,4
1982,August,41,3,4
1982,August,42,1,2
1982,August,43,1,2
1982,September,44,1,1
1982,September,45,0,3
1982,September,46,3,7
1982,September,47,4,7
1982,September,48,3,6
1982,October,49,3,7
1982,October,50,4,4
1982,October,51,0,0
1983,October,0,0,0
1983,November,1,0,0
1983,November,2,0,0
1983,November,3,0,3
1983,November,4,3,3
1983,December,5,0,4
1983,December,6,4,8
1983,December,7,4,5
1983,December,8,1,5
1983,January,9,4,6
1983,January,10,2,3
1983,January,11,1,3
1983,January,12,2,5
1983,January,13,3,5
1983,February,14,2,2
1983,February,15,0,0
1983,February,16,0,1
1983,February,17,1,1
1983,March,18,0,0
1983,March,19,0,2
1983,March,20,2,3
1983,March,21,1,3
1983,March,22,2,4
1983,April,23,2,3
1983,April,24,1,4
1983,April,25,3,5
1983,April,26,2,5
1983,May,27,3,5
1983,May,28,2,2
1983,May,29,0,1
1983,May,30,1,2
1983,June,31,1,1
1983,June,32,0,0
1983,June,33,0,1
1983,June,34,1,1
1983,June,35,0,0
1983,July,36,0,0
1983,July,37,0,1
1983,July,38,1,2
1983,July,39,1,1
1983,August,40,0,0
1983,August,41,0,1
1983,August,42,1,2
1983,August,43,1,3
1983,September,44,2,5
1983,September,45,3,7
1983,September,46,4,4
1983,September,47,0,2
1983,September,48,2,4
1983,October,49,2,6
1983,October,50,4,4
1983,October,51,0,1
1984,October,0,1,3
1984,November,1,2,7
1984,November,2,5,7
1984,November,3,2,6
1984,November,4,4,7
1984,November,5,3,3
1984,December,6,0,4
1984,December,7,4,6
1984,December,8,2,5
1984,January,9,3,4
1984,January,10,1,6
1984,January,11,5,9
1984,January,12,4,8
1984,January,13,4,7
1984,February,14,3,3
1984,February,15,0,3
1984,February,16,3,3
1984,February,17,0,0
1984,March,18,0,1
1984,March,19,1,1
1984,March,20,0,1
1984,March,21,1,2
1984,March,22,1,1
1984,April,23,0,0
1984,April,24,0,0
1984,April,25,0,0
1984,April,26,0,0
1984,May,27,0,1
1984,May,28,1,3
1984,May,29,2,2
1984,May,30,0,2
1984,May,31,2,2
1984,June,32,0,0
1984,June,33,0,0
1984,June,34,0,0
1984,June,35,0,0
1984,July,36,0,1
1984,July,37,1,1
1984,July,38,0,1
1984,July,39,1,2
1984,August,40,1,1
1984,August,41,0,1
1984,August,42,1,1
1984,August,43,0,1
1984,August,44,1,2
1984,September,45,1,4
1984,September,46,3,5
1984,September,47,2,7
1984,September,48,5,6
1984,October,49,1,2
1984,October,50,1,6
1984,October,51,5,5
1985,October,0,0,0
1985,October,1,0,3
1985,November,2,3,3
1985,November,3,0,0
1985,November,4,0,4
1985,November,5,4,6
1985,December,6,2,3
1985,December,7,1,5
1985,December,8,4,5
1985,January,9,1,1
1985,January,10,0,0
1985,January,11,0,3
1985,January,12,3,6
1985,January,13,3,4
1985,January,14,1,3
1985,February,15,2,2
1985,February,16,0,0
1985,February,17,0,2
1985,February,18,2,2
1985,March,19,0,1
1985,March,20,1,1
1985,March,21,0,4
1985,March,22,4,9
1985,April,23,5,5
1985,April,24,0,0
1985,April,25,0,0
1985,April,26,0,0
1985,May,27,0,0
1985,May,28,0,2
1985,May,29,2,2
1985,May,30,0,0
1985,May,31,0,2
1985,June,32,2,2
1985,June,33,0,5
1985,June,34,5,5
1985,June,35,0,0
1985,July,36,0,1
1985,July,37,1,3
1985,July,38,2,4
1985,July,39,2,4
1985,August,40,2,5
1985,August,41,3,4
1985,August,42,1,3
1985,August,43,2,4
1985,August,44,2,2
1985,September,45,0,0
1985,September,46,0,1
1985,September,47,1,2
1985,September,48,1,4
1985,October,49,3,3
1985,October,50,0,0
1985,October,51,0,4
1986,October,0,4,5
1986,October,1,1,4
1986,November,2,3,8
1986,November,3,5,9
1986,November,4,4,4
1986,November,5,0,2
1986,December,6,2,6
1986,December,7,4,5
1986,December,8,1,5
1986,January,9,4,7
1986,January,10,3,4
1986,January,11,1,5
1986,January,12,4,5
1986,January,13,1,1
1986,January,14,0,0
1986,February,15,0,0
1986,February,16,0,0
1986,February,17,0,2
1986,February,18,2,2
1986,March,19,0,1
1986,March,20,1,3
1986,March,21,2,5
1986,March,22,3,3
1986,April,23,0,2
1986,April,24,2,4
1986,April,25,2,2
1986,April,26,0,1
1986,May,27,1,3
1986,May,28,2,5
1986,May,29,3,3
1986,May,30,0,1
1986,May,31,1,3
1986,June,32,2,2
1986,June,33,0,1
1986,June,34,1,2
1986,June,35,1,2
1986,July,36,1,1
1986,July,37,0,0
1986,July,38,0,2
1986,July,39,2,4
1986,July,40,2,3
1986,August,41,1,2
1986,August,42,1,3
1986,August,43,2,3
1986,August,44,1,1
1986,September,45,0,1
1986,September,46,1,1
1986,September,47,0,0
1986,September,48,0,0
1986,October,49,0,0
1986,October,50,0,5
1986,October,51,5,7
1987,October,0,2,3
1987,October,1,1,4
1987,November,2,3,6
1987,November,3,3,4
1987,November,4,1,2
1987,November,5,1,1
1987,December,6,0,2
1987,December,7,2,3
1987,December,8,1,5
1987,December,9,4,5
1987,January,10,1,1
1987,January,11,0,0
1987,January,12,0,0
1987,January,13,0,1
1987,January,14,1,4
1987,February,15,3,4
1987,February,16,1,1
1987,February,17,0,4
1987,February,18,4,5
1987,March,19,1,1
1987,March,20,0,3
1987,March,21,3,5
1987,March,22,2,7
1987,April,23,5,6
1987,April,24,1,1
1987,April,25,0,0
1987,April,26,0,0
1987,April,27,0,1
1987,May,28,1,1
1987,May,29,0,0
1987,May,30,0,2
1987,May,31,2,4
1987,June,32,2,2
1987,June,33,0,1
1987,June,34,1,2
1987,June,35,1,1
1987,July,36,0,1
1987,July,37,1,3
1987,July,38,2,2
1987,July,39,0,0
1987,July,40,0,1
1987,August,41,1,1
1987,August,42,0,0
1987,August,43,0,0
1987,August,44,0,2
1987,September,45,2,3
1987,September,46,1,3
1987,September,47,2,2
1987,September,48,0,4
1987,October,49,4,8
1987,October,50,4,8
1987,October,51,4,4
1988,October,0,0,0
1988,October,1,0,1
1988,November,2,1,1
1988,November,3,0,0
1988,November,4,0,1
1988,November,5,1,4
1988,December,6,3,3
1988,December,7,0,0
1988,December,8,0,0
1988,December,9,0,6
1988,January,10,6,9
1988,January,11,3,3
1988,January,12,0,4
1988,January,13,4,10
1988,January,14,6,9
1988,February,15,3,5
1988,February,16,2,2
1988,February,17,0,1
1988,February,18,1,1
1988,March,19,0,3
1988,March,20,3,8
1988,March,21,5,6
1988,March,22,1,2
1988,March,23,1,1
1988,April,24,0,2
1988,April,25,2,2
1988,April,26,0,4
1988,April,27,4,4
1988,May,28,0,0
1988,May,29,0,1
1988,May,30,1,4
1988,May,31,3,4
1988,June,32,1,1
1988,June,33,0,0
1988,June,34,0,1
1988,June,35,1,5
1988,June,36,4,7
1988,July,37,3,4
1988,July,38,1,3
1988,July,39,2,2
1988,July,40,0,0
1988,August,41,0,2
1988,August,42,2,4
1988,August,43,2,5
1988,August,44,3,4
1988,September,45,1,1
1988,September,46,0,0
1988,September,47,0,6
1988,September,48,6,8
1988,September,49,2,6
1988,October,50,4,4
1988,October,51,0,4
1989,October,0,4,9
1989,October,1,5,10
1989,November,2,5,7
1989,November,3,2,2
1989,November,4,0,0
1989,November,5,0,0
1989,November,6,0,3
1989,December,7,3,10
1989,December,8,7,9
1989,December,9,2,2
1989,January,10,0,2
1989,January,11,2,3
1989,January,12,1,2
1989,January,13,1,2
1989,January,14,1,1
1989,February,15,0,0
1989,February,16,0,5
1989,February,17,5,10
1989,February,18,5,7
1989,March,19,2,4
1989,March,20,2,4
1989,March,21,2,3
1989,March,22,1,3
1989,March,23,2,7
1989,April,24,5,6
1989,April,25,1,2
1989,April,26,1,2
1989,April,27,1,1
1989,May,28,0,1
1989,May,29,1,1
1989,May,30,0,0
1989,May,31,0,1
1989,June,32,1,1
1989,June,33,0,0
1989,June,34,0,2
1989,June,35,2,3
1989,June,36,1,3
1989,July,37,2,2
1989,July,38,0,0
1989,July,39,0,1
1989,July,40,1,2
1989,August,41,1,3
1989,August,42,2,2
1989,August,43,0,0
1989,August,44,0,0
1989,August,45,0,0
1989,September,46,0,3
1989,September,47,3,3
1989,September,48,0,0
1989,September,49,0,0
1989,October,50,0,0
1989,October,51,0,0
1990,October,0,0,5
1990,October,1,5,5
1990,November,2,0,2
1990,November,3,2,4
1990,November,4,2,4
1990,November,5,2,2
1990,November,6,0,2
1990,December,7,2,2
1990,December,8,0,4
1990,December,9,4,7
1990,January,10,3,4
1990,January,11,1,1
1990,January,12,0,4
1990,January,13,4,9
1990,January,14,5,9
1990,February,15,4,8
1990,February,16,4,6
1990,February,17,2,6
1990,February,18,4,4
1990,March,19,0,0
1990,March,20,0,1
1990,March,21,1,1
1990,March,22,0,0
1990,March,23,0,0
1990,April,24,0,1
1990,April,25,1,1
1990,April,26,0,0
1990,April,27,0,0
1990,May,28,0,0
1990,May,29,0,0
1990,May,30,0,1
1990,May,31,1,1
1990,May,32,0,0
1990,June,33,0,1
1990,June,34,1,2
1990,June,35,1,5
1990,June,36,4,4
1990,July,37,0,0
1990,July,38,0,0
1990,July,39,0,1
1990,July,40,1,1
1990,August,41,0,1
1990,August,42,1,4
1990,August,43,3,4
1990,August,44,1,1
1990,August,45,0,0
1990,September,46,0,1
1990,September,47,1,2
1990,September,48,1,3
1990,September,49,2,4
1990,October,50,2,3
1990,October,51,1,1
1991,October,0,0,2
1991,October,1,2,7
1991,October,2,5,9
1991,November,3,4,6
1991,November,4,2,2
1991,November,5,0,0
1991,November,6,0,0
1991,December,7,0,4
1991,December,8,4,7
1991,December,9,3,5
1991,January,10,2,8
1991,January,11,6,7
1991,January,12,1,2
1991,January,13,1,2
1991,January,14,1,1
1991,January,15,0,0
1991,February,16,0,2
1991,February,17,2,4
1991,February,18,2,5
1991,February,19,3,5
1991,March,20,2,6
1991,March,21,4,4
1991,March,22,0,3
1991,March,23,3,5
1991,April,24,2,2
1991,April,25,0,0
1991,April,26,0,1
1991,April,27,1,1
1991,May,28,0,0
1991,May,29,0,0
1991,May,30,0,0
1991,May,31,0,1
1991,May,32,1,4
1991,June,33,3,4
1991,June,34,1,6
1991,June,35,5,6
1991,June,36,1,3
1991,July,37,2,3
1991,July,38,1,1
1991,July,39,0,1
1991,July,40,1,2
1991,August,41,1,1
1991,August,42,0,0
1991,August,43,0,2
1991,August,44,2,2
1991,August,45,0,0
1991,September,46,0,1
1991,September,47,1,2
1991,September,48,1,4
1991,September,49,3,6
1991,October,50,3,5
1991,October,51,2,3
1992,October,0,1,4
1992,October,1,3,4
1992,October,2,1,3
1992,November,3,2,4
1992,November,4,2,5
1992,November,5,3,9
1992,November,6,6,8
1992,December,7,2,3
1992,December,8,1,3
1992,December,9,2,2
1992,January,10,0,2
1992,January,11,2,2
1992,January,12,0,0
1992,January,13,0,1
1992,January,14,1,1
1992,January,15,0,3
1992,February,16,3,4
1992,February,17,1,1
1992,February,18,0,1
1992,February,19,1,2
1992,March,20,1,1
1992,March,21,0,1
1992,March,22,1,2
1992,March,23,1,4
1992,April,24,3,4
1992,April,25,1,1
1992,April,26,0,2
1992,April,27,2,3
1992,April,28,1,4
1992,May,29,3,3
1992,May,30,0,0
1992,May,31,0,2
1992,May,32,2,3
1992,June,33,1,1
1992,June,34,0,0
1992,June,35,0,1
1992,June,36,1,2
1992,July,37,1,3
1992,July,38,2,3
1992,July,39,1,1
1992,July,40,0,0
1992,July,41,0,4
1992,August,42,4,6
1992,August,43,2,6
1992,August,44,4,8
1992,August,45,4,7
1992,September,46,3,4
1992,September,47,1,4
1992,September,48,3,3
1992,September,49,0,0
1992,October,50,0,0
1992,October,51,0,0
1993,October,0,0,0
1993,October,1,0,1
1993,October,2,1,2
1993,November,3,1,3
1993,November,4,2,3
1993,November,5,1,2
1993,November,6,1,5
1993,December,7,4,8
1993,December,8,4,9
1993,December,9,5,8
1993,December,10,3,7
1993,January,11,4,9
1993,January,12,5,7
1993,January,13,2,4
1993,January,14,2,2
1993,January,15,0,0
1993,February,16,0,0
1993,February,17,0,0
1993,February,18,0,1
1993,February,19,1,1
1993,March,20,0,0
1993,March,21,0,1
1993,March,22,1,2
1993,March,23,1,3
1993,April,24,2,3
1993,April,25,1,1
1993,April,26,0,1
1993,April,27,1,1
1993,April,28,0,0
1993,May,29,0,3
1993,May,30,3,6
1993,May,31,3,6
1993,May,32,3,4
1993,June,33,1,6
1993,June,34,5,5
1993,June,35,0,0
1993,June,36,0,0
1993,July,37,0,4
1993,July,38,4,6
1993,July,39,2,6
1993,July,40,4,5
1993,July,41,1,2
1993,August,42,1,1
1993,August,43,0,2
1993,August,44,2,2
1993,August,45,0,2
1993,September,46,2,4
1993,September,47,2,3
1993,September,48,1,2
1993,September,49,1,6
1993,September,50,5,9
1993,October,51,4,5
1994,October,0,1,5
1994,October,1,4,8
1994,October,2,4,7
1994,November,3,3,5
1994,November,4,2,4
1994,November,5,2,2
1994,November,6,0,5
1994,December,7,5,5
1994,December,8,0,1
1994,December,9,1,5
1994,December,10,4,10
1994,January,11,6,10
1994,January,12,4,6
1994,January,13,2,4
1994,January,14,2,5
1994,January,15,3,5
1994,February,16,2,3
1994,February,17,1,4
1994,February,18,3,4
1994,February,19,1,3
1994,March,20,2,4
1994,March,21,2,6
1994,March,22,4,7
1994,March,23,3,6
1994,March,24,3,5
1994,April,25,2,2
1994,April,26,0,1
1994,April,27,1,1
1994,April,28,0,1
1994,May,29,1,3
1994,May,30,2,6
1994,May,31,4,4
1994,May,32,0,1
1994,June,33,1,1
1994,June,34,0,2
1994,June,35,2,2
1994,June,36,0,1
1994,June,37,1,1
1994,July,38,0,0
1994,July,39,0,1
1994,July,40,1,3
1994,July,41,2,4
1994,August,42,2,3
1994,August,43,1,2
1994,August,44,1,2
1994,August,45,1,2
1994,September,46,1,5
1994,September,47,4,6
1994,September,48,2,2
1994,September,49,0,0
1994,September,50,0,0
1994,October,51,0,0
1995,October,0,0,1
1995,October,1,1,2
1995,October,2,1,1
1995,November,3,0,4
1995,November,4,4,5
1995,November,5,1,4
1995,November,6,3,3
1995,November,7,0,0
1995,December,8,0,4
1995,December,9,4,6
1995,December,10,2,4
1995,January,11,2,3
1995,January,12,1,3
1995,January,13,2,8
1995,January,14,6,10
1995,January,15,4,5
1995,February,16,1,6
1995,February,17,5,9
1995,February,18,4,7
1995,February,19,3,6
1995,March,20,3,3
1995,March,21,0,1
1995,March,22,1,3
1995,March,23,2,2
1995,March,24,0,0
1995,April,25,0,1
1995,April,26,1,3
1995,April,27,2,2
1995,April,28,0,0
1995,May,29,0,1
1995,May,30,1,1
1995,May,31,0,2
1995,May,32,2,2
1995,June,33,0,0
1995,June,34,0,0
1995,June,35,0,0
1995,June,36,0,0
1995,June,37,0,0
1995,July,38,0,2
1995,July,39,2,2
1995,July,40,0,0
1995,July,41,0,0
1995,August,42,0,0
1995,August,43,0,0
1995,August,44,0,0
1995,August,45,0,1
1995,August,46,1,3
1995,September,47,2,4
1995,September,48,2,5
1995,September,49,3,4
1995,September,50,1,3
1995,October,51,2,4
1996,October,0,2,4
1996,October,1,2,7
1996,October,2,5,11
1996,October,3,6,6
1996,November,4,0,3
1996,November,5,3,5
1996,November,6,2,5
1996,November,7,3,3
1996,December,8,0,1
1996,December,9,1,1
1996,December,10,0,0
1996,January,11,0,6
1996,January,12,6,9
1996,January,13,3,3
1996,January,14,0,0
1996,January,15,0,1
1996,February,16,1,4
1996,February,17,3,5
1996,February,18,2,4
1996,February,19,2,2
1996,February,20,0,1
1996,March,21,1,3
1996,March,22,2,4
1996,March,23,2,2
1996,March,24,0,0
1996,April,25,0,3
1996,April,26,3,5
1996,April,27,2,3
1996,April,28,1,1
1996,May,29,0,0
1996,May,30,0,3
1996,May,31,3,5
1996,May,32,2,2
1996,May,33,0,1
1996,June,34,1,2
1996,June,35,1,1
1996,June,36,0,0
1996,June,37,0,0
1996,July,38,0,0
1996,July,39,0,0
1996,July,40,0,1
1996,July,41,1,1
1996,August,42,0,2
1996,August,43,2,3
1996,August,44,1,4
1996,August,45,3,3
1996,August,46,0,0
1996,September,47,0,0
1996,September,48,0,1
1996,September,49,1,4
1996,September,50,3,3
1996,October,51,0,4
1997,October,0,4,4
1997,October,1,0,0
1997,October,2,0,2
1997,October,3,2,4
1997,November,4,2,5
1997,November,5,3,7
1997,November,6,4,7
1997,November,7,3,5
1997,December,8,2,3
1997,December,9,1,4
1997,December,10,3,5
1997,January,11,2,2
1997,January,12,0,0
1997,January,13,0,0
1997,January,14,0,0
1997,January,15,0,1
1997,January,16,1,4
1997,February,17,3,6
1997,February,18,3,6
1997,February,19,3,4
1997,February,20,1,1
1997,March,21,0,0
1997,March,22,0,0
1997,March,23,0,0
1997,March,24,0,0
1997,April,25,0,0
1997,April,26,0,0
1997,April,27,0,2
1997,April,28,2,4
1997,May,29,2,4
1997,May,30,2,4
1997,May,31,2,2
1997,May,32,0,0
1997,May,33,0,4
1997,June,34,4,5
1997,June,35,1,5
1997,June,36,4,6
1997,June,37,2,2
1997,July,38,0,0
1997,July,39,0,0
1997,July,40,0,0
1997,July,41,0,4
1997,July,42,4,5
1997,August,43,1,1
1997,August,44,0,3
1997,August,45,3,6
1997,August,46,3,3
1997,September,47,0,0
1997,September,48,0,1
1997,September,49,1,1
1997,September,50,0,3
1997,October,51,3,3
1998,October,0,0,2
1998,October,1,2,6
1998,October,2,4,7
1998,October,3,3,6
1998,November,4,3,4
1998,November,5,1,3
1998,November,6,2,2
1998,November,7,0,2
1998,December,8,2,3
1998,December,9,1,5
1998,December,10,4,7
1998,December,11,3,11
1998,January,12,8,9
1998,January,13,1,4
1998,January,14,3,3
1998,January,15,0,0
1998,January,16,0,1
1998,February,17,1,1
1998,February,18,0,0
1998,February,19,0,2
1998,February,20,2,4
1998,March,21,2,2
1998,March,22,0,2
1998,March,23,2,2
1998,March,24,0,4
1998,April,25,4,6
1998,April,26,2,4
1998,April,27,2,5
1998,April,28,3,3
1998,April,29,0,1
1998,May,30,1,1
1998,May,31,0,0
1998,May,32,0,2
1998,May,33,2,5
1998,June,34,3,5
1998,June,35,2,2
1998,June,36,0,3
1998,June,37,3,3
1998,July,38,0,2
1998,July,39,2,3
1998,July,40,1,1
1998,July,41,0,0
1998,July,42,0,0
1998,August,43,0,1
1998,August,44,1,2
1998,August,45,1,2
1998,August,46,1,5
1998,September,47,4,7
1998,September,48,3,3
1998,September,49,0,4
1998,September,50,4,4
1998,October,51,0,0
1999,October,0,0,0
1999,October,1,0,4
1999,October,2,4,5
1999,October,3,1,3
1999,November,4,2,3
1999,November,5,1,2
1999,November,6,1,3
1999,November,7,2,3
1999,December,8,1,5
1999,December,9,4,9
1999,December,10,5,9
1999,December,11,4,9
1999,January,12,5,9
1999,January,13,4,7
1999,January,14,3,4
1999,January,15,1,1
1999,January,16,0,0
1999,February,17,0,0
1999,February,18,0,2
1999,February,19,2,7
1999,February,20,5,5
1999,March,21,0,0
1999,March,22,0,0
1999,March,23,0,1
1999,March,24,1,1
1999,April,25,0,2
1999,April,26,2,4
1999,April,27,2,5
1999,April,28,3,3
1999,April,29,0,1
1999,May,30,1,1
1999,May,31,0,0
1999,May,32,0,4
1999,May,33,4,6
1999,June,34,2,2
1999,June,35,0,0
1999,June,36,0,1
1999,June,37,1,1
1999,July,38,0,0
1999,July,39,0,0
1999,July,40,0,0
1999,July,41,0,2
1999,July,42,2,6
1999,August,43,4,7
1999,August,44,3,6
1999,August,45,3,3
1999,August,46,0,0
1999,September,47,0,1
1999,September,48,1,5
1999,September,49,4,10
1999,September,50,6,7
1999,September,51,1,5
2000,October,0,4,5
2000,October,1,1,2
2000,October,2,1,7
2000,October,3,6,9
2000,November,4,3,6
2000,November,5,3,6
2000,November,6,3,5
2000,November,7,2,7
2000,November,8,5,10
2000,December,9,5,6
2000,December,10,1,2
2000,December,11,1,4
2000,January,12,3,4
2000,January,13,1,1
2000,January,14,0,0
2000,January,15,0,1
2000,January,16,1,3
2000,February,17,2,4
2000,February,18,2,2
2000,February,19,0,3
2000,February,20,3,4
2000,March,21,1,1
2000,March,22,0,0
2000,March,23,0,1
2000,March,24,1,4
2000,March,25,3,5
2000,April,26,2,6
2000,April,27,4,5
2000,April,28,1,2
2000,April,29,1,1
2000,May,30,0,0
2000,May,31,0,3
2000,May,32,3,7
2000,May,33,4,4
2000,June,34,0,0
2000,June,35,0,0
2000,June,36,0,0
2000,June,37,0,2
2000,June,38,2,3
2000,July,39,1,1
2000,July,40,0,0
2000,July,41,0,0
2000,July,42,0,0
2000,August,43,0,2
2000,August,44,2,3
2000,August,45,1,2
2000,August,46,1,2
2000,August,47,1,1
2000,September,48,0,4
2000,September,49,4,8
2000,September,50,4,6
2000,September,51,2,6
2001,October,0,4,6
2001,October,1,2,5
2001,October,2,3,5
2001,October,3,2,3
2001,November,4,1,1
2001,November,5,0,0
2001,November,6,0,2
2001,November,7,2,6
2001,November,8,4,4
2001,December,9,0,0
2001,December,10,0,0
2001,December,11,0,3
2001,January,12,3,3
2001,January,13,0,0
2001,January,14,0,4
2001,January,15,4,5
2001,January,16,1,5
2001,February,17,4,6
2001,February,18,2,2
2001,February,19,0,1
2001,February,20,1,2
2001,March,21,1,3
2001,March,22,2,6
2001,March,23,4,8
2001,March,24,4,5
2001,March,25,1,4
2001,April,26,3,3
2001,April,27,0,3
2001,April,28,3,4
2001,April,29,1,1
2001,May,30,0,2
2001,May,31,2,2
2001,May,32,0,0
2001,May,33,0,1
2001,May,34,1,1
2001,June,35,0,3
2001,June,36,3,3
2001,June,37,0,2
2001,June,38,2,3
2001,July,39,1,2
2001,July,40,1,2
2001,July,41,1,1
2001,July,42,0,2
2001,August,43,2,4
2001,August,44,2,4
2001,August,45,2,2
2001,August,46,0,0
2001,August,47,0,0
2001,September,48,0,0
2001,September,49,0,1
2001,September,50,1,3
2001,September,51,2,2
2002,October,0,0,5
2002,October,1,5,8
2002,October,2,3,6
2002,October,3,3,6
2002,October,4,3,9
2002,November,5,6,10
2002,November,6,4,9
2002,November,7,5,7
2002,November,8,2,2
2002,December,9,0,2
2002,December,10,2,6
2002,December,11,4,9
2002,January,12,5,5
2002,January,13,0,0
2002,January,14,0,2
2002,January,15,2,6
2002,January,16,4,9
2002,January,17,5,7
2002,February,18,2,3
2002,February,19,1,4
2002,February,20,3,3
2002,February,21,0,2
2002,March,22,2,6
2002,March,23,4,4
2002,March,24,0,0
2002,March,25,0,0
2002,April,26,0,0
2002,April,27,0,0
2002,April,28,0,3
2002,April,29,3,3
2002,May,30,0,2
2002,May,31,2,6
2002,May,32,4,6
2002,May,33,2,3
2002,May,34,1,2
2002,June,35,1,1
2002,June,36,0,0
2002,June,37,0,1
2002,June,38,1,3
2002,July,39,2,2
2002,July,40,0,0
2002,July,41,0,2
2002,July,42,2,3
2002,August,43,1,3
2002,August,44,2,3
2002,August,45,1,1
2002,August,46,0,0
2002,August,47,0,1
2002,September,48,1,1
2002,September,49,0,0
2002,September,50,0,0
2002,September,51,0,0
2003,October,0,0,0
2003,October,1,0,1
2003,October,2,1,3
2003,October,3,2,5
2003,October,4,3,4
2003,November,5,1,3
2003,November,6,2,7
2003,November,7,5,8
2003,November,8,3,4
2003,December,9,1,2
2003,December,10,1,3
2003,December,11,2,6
2003,January,12,4,5
2003,January,13,1,1
2003,January,14,0,4
2003,January,15,4,4
2003,January,16,0,1
2003,January,17,1,3
2003,February,18,2,2
2003,February,19,0,0
2003,February,20,0,3
2003,February,21,3,4
2003,March,22,1,1
2003,March,23,0,0
2003,March,24,0,0
2003,March,25,0,0
2003,April,26,0,0
2003,April,27,0,0
2003,April,28,0,3
2003,April,29,3,4
2003,May,30,1,1
2003,May,31,0,2
2003,May,32,2,2
2003,May,33,0,0
2003,May,34,0,0
2003,June,35,0,0
2003,June,36,0,1
2003,June,37,1,2
2003,June,38,1,1
2003,July,39,0,1
2003,July,40,1,1
2003,July,41,0,4
2003,July,42,4,4
2003,July,43,0,0
2003,August,44,0,0
2003,August,45,0,0
2003,August,46,0,1
2003,August,47,1,1
2003,September,48,0,0
2003,September,49,0,1
2003,September,50,1,1
2003,September,51,0,2
2004,September,0,2,4
2004,October,1,2,6
2004,October,2,4,9
2004,October,3,5,6
2004,October,4,1,1
2004,November,5,0,0
2004,November,6,0,2
2004,November,7,2,3
2004,November,8,1,1
2004,December,9,0,0
2004,December,10,0,3
2004,December,11,3,5
2004,December,12,2,4
2004,January,13,2,7
2004,January,14,5,6
2004,January,15,1,3
2004,January,16,2,6
2004,January,17,4,6
2004,February,18,2,2
2004,February,19,0,0
2004,February,20,0,0
2004,February,21,0,0
2004,March,22,0,2
2004,March,23,2,3
2004,March,24,1,1
2004,March,25,0,2
2004,April,26,2,2
2004,April,27,0,3
2004,April,28,3,4
2004,April,29,1,3
2004,April,30,2,2
2004,May,31,0,0
2004,May,32,0,0
2004,May,33,0,1
2004,May,34,1,1
2004,June,35,0,0
2004,June,36,0,1
2004,June,37,1,1
2004,June,38,0,3
2004,July,39,3,3
2004,July,40,0,0
2004,July,41,0,0
2004,July,42,0,1
2004,July,43,1,4
2004,August,44,3,6
2004,August,45,3,6
2004,August,46,3,4
2004,August,47,1,1
2004,September,48,0,4
2004,September,49,4,6
2004,September,50,2,2
2004,September,51,0,1
2005,September,0,1,3
2005,October,1,2,4
2005,October,2,2,5
2005,October,3,3,8
2005,October,4,5,8
2005,November,5,3,3
2005,November,6,0,0
2005,November,7,0,1
2005,November,8,1,4
2005,December,9,3,3
2005,December,10,0,0
2005,December,11,0,0
2005,December,12,0,2
2005,January,13,2,4
2005,January,14,2,3
2005,January,15,1,2
2005,January,16,1,1
2005,January,17,0,1
2005,February,18,1,3
2005,February,19,2,2
2005,February,20,0,1
2005,February,21,1,1
2005,March,22,0,0
2005,March,23,0,2
2005,March,24,2,3
2005,March,25,1,2
2005,March,26,1,1
2005,April,27,0,1
2005,April,28,1,3
2005,April,29,2,2
2005,April,30,0,0
2005,May,31,0,0
2005,May,32,0,2
2005,May,33,2,2
2005,May,34,0,2
2005,June,35,2,3
2005,June,36,1,1
2005,June,37,0,3
2005,June,38,3,3
2005,June,39,0,0
2005,July,40,0,0
2005,July,41,0,3
2005,July,42,3,3
2005,July,43,0,1
2005,August,44,1,2
2005,August,45,1,4
2005,August,46,3,3
2005,August,47,0,0
2005,September,48,0,1
2005,September,49,1,2
2005,September,50,1,3
2005,September,51,2,6
2006,September,0,4,7
2006,October,1,3,5
2006,October,2,2,6
2006,October,3,4,4
2006,October,4,0,0
2006,November,5,0,3
2006,November,6,3,7
2006,November,7,4,9
2006,November,8,5,9
2006,November,9,4,6
2006,December,10,2,4
2006,December,11,2,2
2006,December,12,0,3
2006,January,13,3,4
2006,January,14,1,2
2006,January,15,1,1
2006,January,16,0,0
2006,January,17,0,0
2006,February,18,0,2
2006,February,19,2,4
2006,February,20,2,2
2006,February,21,0,3
2006,March,22,3,3
2006,March,23,0,0
2006,March,24,0,4
2006,March,25,4,6
2006,March,26,2,2
2006,April,27,0,0
2006,April,28,0,0
2006,April,29,0,1
2006,April,30,1,2
2006,May,31,1,2
2006,May,32,1,6
2006,May,33,5,6
2006,May,34,1,1
2006,June,35,0,0
2006,June,36,0,0
2006,June,37,0,2
2006,June,38,2,3
2006,June,39,1,1
2006,July,40,0,0
2006,July,41,0,0
2006,July,42,0,2
2006,July,43,2,2
2006,August,44,0,0
2006,August,45,0,1
2006,August,46,1,1
2006,August,47,0,0
2006,August,48,0,1
2006,September,49,1,1
2006,September,50,0,0
2006,September,51,0,1
2007,September,0,1,1
2007,October,1,0,1
2007,October,2,1,1
2007,October,3,0,1
2007,October,4,1,1
2007,November,5,0,0
2007,November,6,0,5
2007,November,7,5,6
2007,November,8,1,6
2007,November,9,5,9
2007,December,10,4,4
2007,December,11,0,1
2007,December,12,1,4
2007,January,13,3,6
2007,January,14,3,6
2007,January,15,3,4
2007,January,16,1,1
2007,January,17,0,1
2007,February,18,1,6
2007,February,19,5,9
2007,February,20,4,10
2007,February,21,6,9
2007,March,22,3,3
2007,March,23,0,1
2007,March,24,1,1
2007,March,25,0,0
2007,March,26,0,0
2007,April,27,0,0
2007,April,28,0,1
2007,April,29,1,1
2007,April,30,0,3
2007,May,31,3,8
2007,May,32,5,5
2007,May,33,0,2
2007,May,34,2,2
2007,May,35,0,0
2007,June,36,0,4
2007,June,37,4,8
2007,June,38,4,8
2007,June,39,4,5
2007,July,40,1,3
2007,July,41,2,7
2007,July,42,5,7
2007,July,43,2,2
2007,August,44,0,3
2007,August,45,3,5
2007,August,46,2,2
2007,August,47,0,0
2007,August,48,0,0
2007,September,49,0,0
2007,September,50,0,1
2007,September,51,1,2
2008,September,0,1,4
2008,October,1,3,3
2008,October,2,0,1
2008,October,3,1,4
2008,October,4,3,4
2008,October,5,1,5
2008,November,6,4,6
2008,November,7,2,3
2008,November,8,1,2
2008,November,9,1,2
2008,December,10,1,2
2008,December,11,1,1
2008,December,12,0,0
2008,January,13,0,3
2008,January,14,3,9
2008,January,15,6,9
2008,January,16,3,3
2008,January,17,0,2
2008,January,18,2,2
2008,February,19,0,0
2008,February,20,0,1
2008,February,21,1,1
2008,February,22,0,3
2008,March,23,3,4
2008,March,24,1,2
2008,March,25,1,3
2008,March,26,2,2
2008,April,27,0,0
2008,April,28,0,1
2008,April,29,1,2
2008,April,30,1,1
2008,May,31,0,1
2008,May,32,1,2
2008,May,33,1,6
2008,May,34,5,7
2008,May,35,2,2
2008,June,36,0,0
2008,June,37,0,2
2008,June,38,2,4
2008,June,39,2,7
2008,July,40,5,5
2008,July,41,0,0
2008,July,42,0,2
2008,July,43,2,5
2008,July,44,3,7
2008,August,45,4,7
2008,August,46,3,4
2008,August,47,1,3
2008,August,48,2,5
2008,September,49,3,4
2008,September,50,1,1
2008,September,51,0,0
2009,September,0,0,3
2009,October,1,3,3
2009,October,2,0,1
2009,October,3,1,2
2009,October,4,1,7
2009,October,5,6,9
2009,November,6,3,7
2009,November,7,4,10
2009,November,8,6,12
2009,November,9,6,10
2009,December,10,4,4
2009,December,11,0,1
2009,December,12,1,4
2009,December,13,3,3
2009,January,14,0,2
2009,January,15,2,7
2009,January,16,5,8
2009,January,17,3,5
2009,January,18,2,5
2009,February,19,3,3
2009,February,20,0,0
2009,February,21,0,1
2009,February,22,1,2
2009,March,23,1,1
2009,March,24,0,0
2009,March,25,0,0
2009,March,26,0,1
2009,April,27,1,1
2009,April,28,0,0
2009,April,29,0,1
2009,April,30,1,1
2009,April,31,0,0
2009,May,32,0,4
2009,May,33,4,5
2009,May,34,1,1
2009,May,35,0,1
2009,June,36,1,1
2009,June,37,0,0
2009,June,38,0,1
2009,June,39,1,4
2009,July,40,3,6
2009,July,41,3,6
2009,July,42,3,6
2009,July,43,3,6
2009,July,44,3,4
2009,August,45,1,1
2009,August,46,0,0
2009,August,47,0,1
2009,August,48,1,1
2009,September,49,0,0
2009,September,50,0,0
2009,September,51,0,1
2010,September,0,1,5
2010,September,1,4,4
2010,October,2,0,0
2010,October,3,0,2
2010,October,4,2,2
2010,October,5,0,4
2010,November,6,4,7
2010,November,7,3,4
2010,November,8,1,1
2010,November,9,0,0
2010,December,10,0,0
2010,December,11,0,0
2010,December,12,0,1
2010,December,13,1,1
2010,January,14,0,1
2010,January,15,1,4
2010,January,16,3,4
2010,January,17,1,4
2010,January,18,3,3
2010,February,19,0,0
2010,February,20,0,1
2010,February,21,1,3
2010,February,22,2,2
2010,March,23,0,0
2010,March,24,0,3
2010,March,25,3,7
2010,March,26,4,7
2010,April,27,3,3
2010,April,28,0,0
2010,April,29,0,0
2010,April,30,0,2
2010,April,31,2,2
2010,May,32,0,0
2010,May,33,0,0
2010,May,34,0,1
2010,May,35,1,2
2010,June,36,1,1
2010,June,37,0,0
2010,June,38,0,0
2010,June,39,0,1
2010,July,40,1,2
2010,July,41,1,4
2010,July,42,3,3
2010,July,43,0,0
2010,July,44,0,1
2010,August,45,1,1
2010,August,46,0,3
2010,August,47,3,3
2010,August,48,0,1
2010,September,49,1,2
2010,September,50,1,2
2010,September,51,1,1
2011,September,0,0,1
2011,September,1,1,1
2011,October,2,0,1
2011,October,3,1,5
2011,October,4,4,7
2011,October,5,3,5
2011,November,6,2,3
2011,November,7,1,2
2011,November,8,1,3
2011,November,9,2,4
2011,December,10,2,7
2011,December,11,5,8
2011,December,12,3,4
2011,December,13,1,3
2011,January,14,2,7
2011,January,15,5,8
2011,January,16,3,3
2011,January,17,0,0
2011,January,18,0,0
2011,February,19,0,3
2011,February,20,3,4
2011,February,21,1,2
2011,February,22,1,1
2011,March,23,0,0
2011,March,24,0,0
2011,March,25,0,1
2011,March,26,1,1
2011,March,27,0,0
2011,April,28,0,0
2011,April,29,0,0
2011,April,30,0,0
2011,April,31,0,2
2011,May,32,2,2
2011,May,33,0,0
2011,May,34,0,0
2011,May,35,0,0
2011,June,36,0,3
2011,June,37,3,5
2011,June,38,2,3
2011,June,39,1,3
2011,June,40,2,3
2011,July,41,1,2
2011,July,42,1,1
2011,July,43,0,1
2011,July,44,1,2
2011,August,45,1,2
2011,August,46,1,3
2011,August,47,2,4
2011,August,48,2,4
2011,September,49,2,3
2011,September,50,1,3
2011,September,51,2,5
2012,September,0,3,5
2012,September,1,2,6
2012,October,2,4,9
2012,October,3,5,5
2012,October,4,0,2
2012,October,5,2,6
2012,November,6,4,5
2012,November,7,1,5
2012,November,8,4,8
2012,November,9,4,6
2012,November,10,2,3
2012,December,11,1,5
2012,December,12,4,10
2012,December,13,6,14
2012,January,14,8,8
2012,January,15,0,1
2012,January,16,1,3
2012,January,17,2,3
2012,January,18,1,2
2012,February,19,1,2
2012,February,20,1,1
2012,February,21,0,0
2012,February,22,0,1
2012,March,23,1,1
2012,March,24,0,0
2012,March,25,0,0
2012,March,26,0,0
2012,March,27,0,2
2012,April,28,2,4
2012,April,29,2,5
2012,April,30,3,8
2012,April,31,5,7
2012,May,32,2,2
2012,May,33,0,0
2012,May,34,0,0
2012,May,35,0,4
2012,May,36,4,8
2012,June,37,4,6
2012,June,38,2,4
2012,June,39,2,4
2012,June,40,2,4
2012,July,41,2,3
2012,July,42,1,1
2012,July,43,0,1
2012,July,44,1,4
2012,August,45,3,4
2012,August,46,1,3
2012,August,47,2,6
2012,August,48,4,4
2012,August,49,0,0
2012,September,50,0,0
2012,September,51,0,0
2013,September,0,0,2
2013,September,1,2,3
2013,October,2,1,3
2013,October,3,2,7
2013,October,4,5,9
2013,October,5,4,8
2013,October,6,4,7
2013,November,7,3,4
2013,November,8,1,1
2013,November,9,0,0
2013,November,10,0,0
2013,December,11,0,4
2013,December,12,4,10
2013,December,13,6,10
2013,January,14,4,4
2013,January,15,0,2
2013,January,16,2,4
2013,January,17,2,6
2013,January,18,4,5
2013,January,19,1,4
2013,February,20,3,3
2013,February,21,0,0
2013,February,22,0,0
2013,February,23,0,1
2013,March,24,1,3
2013,March,25,2,4
2013,March,26,2,2
2013,March,27,0,0
2013,April,28,0,2
2013,April,29,2,2
2013,April,30,0,0
2013,April,31,0,0
2013,May,32,0,1
2013,May,33,1,1
2013,May,34,0,2
2013,May,35,2,2
2013,May,36,0,0
2013,June,37,0,0
2013,June,38,0,0
2013,June,39,0,1
2013,June,40,1,1
2013,July,41,0,0
2013,July,42,0,1
2013,July,43,1,3
2013,July,44,2,4
2013,August,45,2,2
2013,August,46,0,1
2013,August,47,1,1
2013,August,48,0,0
2013,August,49,0,1
2013,September,50,1,3
2013,September,51,2,3
2014,September,0,1,1
2014,September,1,0,4
2014,October,2,4,7
2014,October,3,3,4
2014,October,4,1,1
2014,October,5,0,3
2014,October,6,3,8
2014,November,7,5,8
2014,November,8,3,6
2014,November,9,3,3
2014,November,10,0,0
2014,December,11,0,2
2014,December,12,2,3
2014,December,13,1,3
2014,January,14,2,8
2014,January,15,6,10
2014,January,16,4,8
2014,January,17,4,10
2014,January,18,6,11
2014,January,19,5,11
2014,February,20,6,9
2014,February,21,3,5
2014,February,22,2,4
2014,February,23,2,3
2014,March,24,1,1
2014,March,25,0,3
2014,March,26,3,5
2014,March,27,2,4
2014,April,28,2,2
2014,April,29,0,2
2014,April,30,2,4
2014,April,31,2,4
2014,May,32,2,3
2014,May,33,1,2
2014,May,34,1,4
2014,May,35,3,5
2014,May,36,2,2
2014,June,37,0,0
2014,June,38,0,0
2014,June,39,0,3
2014,June,40,3,4
2014,July,41,1,1
2014,July,42,0,1
2014,July,43,1,1
2014,July,44,0,2
2014,July,45,2,3
2014,August,46,1,1
2014,August,47,0,2
2014,August,48,2,2
2014,August,49,0,0
2014,September,50,0,0
2014,September,51,0,1
2015,September,0,1,1
2015,September,1,0,2
2015,October,2,2,2
2015,October,3,0,1
2015,October,4,1,2
2015,October,5,1,4
2015,October,6,3,5
2015,November,7,2,5
2015,November,8,3,5
2015,November,9,2,6
2015,November,10,4,5
2015,December,11,1,4
2015,December,12,3,7
2015,December,13,4,7
2015,December,14,3,7
2015,January,15,4,8
2015,January,16,4,6
2015,January,17,2,2
2015,January,18,0,0
2015,January,19,0,0
2015,February,20,0,2
2015,February,21,2,4
2015,February,22,2,3
2015,February,23,1,1
2015,March,24,0,1
2015,March,25,1,2
2015,March,26,1,2
2015,March,27,1,2
2015,April,28,1,1
2015,April,29,0,0
2015,April,30,0,0
2015,April,31,0,2
2015,April,32,2,3
2015,May,33,1,3
2015,May,34,2,2
2015,May,35,0,2
2015,May,36,2,2
2015,June,37,0,1
2015,June,38,1,2
2015,June,39,1,1
2015,June,40,0,0
2015,July,41,0,0
2015,July,42,0,0
2015,July,43,0,4
2015,July,44,4,4
2015,July,45,0,1
2015,August,46,1,3
2015,August,47,2,6
2015,August,48,4,5
2015,August,49,1,1
2015,September,50,0,4
2015,September,51,4,4
2016,September,0,0,2
2016,September,1,2,3
2016,September,2,1,1
2016,October,3,0,2
2016,October,4,2,3
2016,October,5,1,1
2016,October,6,0,1
2016,November,7,1,2
2016,November,8,1,5
2016,November,9,4,4
2016,November,10,0,0
2016,December,11,0,1
2016,December,12,1,1
2016,December,13,0,0
2016,December,14,0,6
2016,January,15,6,10
2016,January,16,4,5
2016,January,17,1,3
2016,January,18,2,3
2016,January,19,1,5
2016,February,20,4,5
2016,February,21,1,1
2016,February,22,0,1
2016,February,23,1,2
2016,March,24,1,1
2016,March,25,0,0
2016,March,26,0,5
2016,March,27,5,5
2016,March,28,0,1
2016,April,29,1,1
2016,April,30,0,0
2016,April,31,0,0
2016,April,32,0,3
2016,May,33,3,3
2016,May,34,0,2
2016,May,35,2,2
2016,May,36,0,0
2016,June,37,0,3
2016,June,38,3,6
2016,June,39,3,5
2016,June,40,2,2
2016,June,41,0,0
2016,July,42,0,0
2016,July,43,0,0
2016,July,44,0,1
2016,July,45,1,1
2016,August,46,0,0
2016,August,47,0,2
2016,August,48,2,2
2016,August,49,0,2
2016,September,50,2,4
2016,September,51,2,6
2017,September,0,4,5
2017,September,1,1,3
2017,September,2,2,2
2017,October,3,0,0
2017,October,4,0,3
2017,October,5,3,3
2017,October,6,0,2
2017,November,7,2,4
2017,November,8,2,4
2017,November,9,2,3
2017,November,10,1,2
2017,November,11,1,4
2017,December,12,3,3
2017,December,13,0,2
2017,December,14,2,7
2017,January,15,5,6
2017,January,16,1,2
2017,January,17,1,1
2017,January,18,0,5
2017,January,19,5,7
2017,February,20,2,2
2017,February,21,0,1
2017,February,22,1,4
2017,February,23,3,8
2017,March,24,5,5
2017,March,25,0,4
2017,March,26,4,5
2017,March,27,1,2
2017,March,28,1,1
2017,April,29,0,0
2017,April,30,0,0
2017,April,31,0,1
2017,April,32,1,1
2017,May,33,0,4
2017,May,34,4,4
2017,May,35,0,1
2017,May,36,1,4
2017,June,37,3,3
2017,June,38,0,0
2017,June,39,0,2
2017,June,40,2,2
2017,June,41,0,1
2017,July,42,1,2
2017,July,43,1,4
2017,July,44,3,5
2017,July,45,2,3
2017,August,46,1,3
2017,August,47,2,3
2017,August,48,1,1
2017,August,49,0,2
2017,August,50,2,6
2017,September,51,4,5
2018,September,0,1,3
2018,September,1,2,2
2018,September,2,0,1
2018,October,3,1,4
2018,October,4,3,3
2018,October,5,0,1
2018,October,6,1,4
2018,November,7,3,7
2018,November,8,4,4
2018,November,9,0,3
2018,November,10,3,9
2018,November,11,6,8
2018,December,12,2,7
2018,December,13,5,7
2018,December,14,2,4
2018,January,15,2,3
2018,January,16,1,4
2018,January,17,3,6
2018,January,18,3,4
2018,January,19,1,1
2018,February,20,0,4
2018,February,21,4,4
2018,February,22,0,0
2018,February,23,0,2
2018,March,24,2,5
2018,March,25,3,4
2018,March,26,1,4
2018,March,27,3,6
2018,March,28,3,6
2018,April,29,3,3
2018,April,30,0,1
2018,April,31,1,3
2018,April,32,2,2
2018,May,33,0,0
2018,May,34,0,0
2018,May,35,0,2
2018,May,36,2,3
2018,May,37,1,1
2018,June,38,0,0
2018,June,39,0,0
2018,June,40,0,0
2018,June,41,0,0
2018,July,42,0,0
2018,July,43,0,0
2018,July,44,0,2
2018,July,45,2,2
2018,August,46,0,2
2018,August,47,2,2
2018,August,48,0,2
2018,August,49,2,2
2018,August,50,0,0
2018,September,51,0,0
2019,September,0,0,4
2019,September,1,4,7
2019,September,2,3,7
2019,October,3,4,9
2019,October,4,5,7
2019,October,5,2,5
2019,October,6,3,8
2019,October,7,5,8
2019,November,8,3,3
2019,November,9,0,4
2019,November,10,4,4
2019,November,11,0,5
2019,December,12,5,10
2019,December,13,5,8
2019,December,14,3,4
2019,January,15,1,1
2019,January,16,0,1
2019,January,17,1,3
2019,January,18,2,4
2019,January,19,2,6
2019,January,20,4,7
2019,February,21,3,3
2019,February,22,0,0
2019,February,23,0,3
2019,February,24,3,7
2019,March,25,4,5
2019,March,26,1,1
2019,March,27,0,1
2019,March,28,1,2
2019,April,29,1,2
2019,April,30,1,2
2019,April,31,1,2
2019,April,32,1,2
2019,May,33,1,1
2019,May,34,0,0
2019,May,35,0,0
2019,May,36,0,1
2019,May,37,1,6
2019,June,38,5,6
2019,June,39,1,1
2019,June,40,0,0
2019,June,41,0,0
2019,July,42,0,0
2019,July,43,0,2
2019,July,44,2,4
2019,July,45,2,2
2019,August,46,0,3
2019,August,47,3,4
2019,August,48,1,2
2019,August,49,1,2
2019,August,50,1,3
2019,September,51,2,2
2020,September,0,0,2
2020,September,1,2,4
2020,September,2,2,7
2020,October,3,5,6
2020,October,4,1,3
2020,October,5,2,5
2020,October,6,3,6
2020,October,7,3,5
2020,November,8,2,3
2020,November,9,1,2
2020,November,10,1,2
2020,November,11,1,4
2020,December,12,3,8
2020,December,13,5,12
2020,December,14,7,10
2020,January,15,3,5
2020,January,16,2,6
2020,January,17,4,5
2020,January,18,1,3
2020,January,19,2,3
2020,January,20,1,5
2020,February,21,4,7
2020,February,22,3,7
2020,February,23,4,8
2020,February,24,4,6
2020,March,25,2,4
2020,March,26,2,2
2020,March,27,0,0
2020,March,28,0,0
2020,April,29,0,0
2020,April,30,0,1
2020,April,31,1,4
2020,April,32,3,4
2020,April,33,1,1
2020,May,34,0,0
2020,May,35,0,0
2020,May,36,0,0
2020,May,37,0,1
2020,June,38,1,3
2020,June,39,2,4
2020,June,40,2,3
2020,June,41,1,4
2020,July,42,3,4
2020,July,43,1,2
2020,July,44,1,3
2020,July,45,2,2
2020,July,46,0,1
2020,August,47,1,6
2020,August,48,5,6
2020,August,49,1,3
2020,August,50,2,2
2020,September,51,0,1
2021,September,0,1,1
2021,September,1,0,3
2021,September,2,3,6
2021,September,3,3,3
2021,October,4,0,3
2021,October,5,3,3
2021,October,6,0,4
2021,October,7,4,4
2021,November,8,0,0
2021,November,9,0,0
2021,November,10,0,1
2021,November,11,1,3
2021,December,12,2,3
2021,December,13,1,1
2021,December,14,0,4
2021,December,15,4,5
2021,January,16,1,4
2021,January,17,3,7
2021,January,18,4,7
2021,January,19,3,8
2021,January,20,5,6
2021,February,21,1,5
2021,February,22,4,7
2021,February,23,3,3
2021,February,24,0,2
2021,March,25,2,4
2021,March,26,2,2
2021,March,27,0,1
2021,March,28,1,1
2021,April,29,0,0
2021,April,30,0,0
2021,April,31,0,1
2021,April,32,1,2
2021,April,33,1,4
2021,May,34,3,7
2021,May,35,4,7
2021,May,36,3,3
2021,May,37,0,0
2021,June,38,0,0
2021,June,39,0,1
2021,June,40,1,2
2021,June,41,1,4
2021,July,42,3,5
2021,July,43,2,2
2021,July,44,0,3
2021,July,45,3,4
2021,July,46,1,5
2021,August,47,4,4
2021,August,48,0,1
2021,August,49,1,1
2021,August,50,0,1
2021,September,51,1,3
2022,September,0,2,2
2022,September,1,0,0
2022,September,2,0,3
2022,September,3,3,3
2022,October,4,0,1
2022,October,5,1,4
2022,October,6,3,6
2022,October,7,3,7
2022,November,8,4,7
2022,November,9,3,7
2022,November,10,4,6
2022,November,11,2,2
2022,December,12,0,0
2022,December,13,0,2
2022,December,14,2,6
2022,December,15,4,8
2022,January,16,4,7
2022,January,17,3,3
2022,January,18,0,0
2022,January,19,0,0
2022,January,20,0,2
2022,February,21,2,5
2022,February,22,3,7
2022,February,23,4,7
2022,February,24,3,3
2022,March,25,0,3
2022,March,26,3,3
2022,March,27,0,0
2022,March,28,0,1
2022,March,29,1,2
2022,April,30,1,1
2022,April,31,0,0
2022,April,32,0,0
2022,April,33,0,1
2022,May,34,1,2
2022,May,35,1,2
2022,May,36,1,1
2022,May,37,0,2
2022,June,38,2,2
2022,June,39,0,1
2022,June,40,1,2
2022,June,41,1,1
2022,June,42,0,0
2022,July,43,0,0
2022,July,44,0,0
2022,July,45,0,0
2022,July,46,0,0
2022,August,47,0,1
2022,August,48,1,1
2022,August,49,0,0
2022,August,50,0,4
2022,September,51,4,4
2023,September,0,0,4
2023,September,1,4,4
2023,September,2,0,1
2023,September,3,1,2
2023,October,4,1,4
2023,October,5,3,7
2023,October,6,4,11
2023,October,7,7,12
2023,November,8,5,10
2023,November,9,5,7
2023,November,10,2,3
2023,November,11,1,5
2023,November,12,4,9
2023,December,13,5,6
2023,December,14,1,5
2023,December,15,4,8
2023,January,16,4,9
2023,January,17,5,8
2023,January,18,3,3
2023,January,19,0,0
2023,January,20,0,0
2023,February,21,0,0
2023,February,22,0,0
2023,February,23,0,0
2023,February,24,0,3
2023,March,25,3,6
2023,March,26,3,6
2023,March,27,3,7
2023,March,28,4,7
2023,March,29,3,6
2023,April,30,3,4
2023,April,31,1,2
2023,April,32,1,2
2023,April,33,1,5
2023,May,34,4,4
2023,May,35,0,0
2023,May,36,0,0
2023,May,37,0,0
2023,June,38,0,0
2023,June,39,0,1
2023,June,40,1,1
2023,June,41,0,1
2023,June,42,1,3
2023,July,43,2,4
2023,July,44,2,5
2023,July,45,3,6
2023,July,46,3,4
2023,August,47,1,2
2023,August,48,1,2
2023,August,49,1,1
2023,August,50,0,0
2023,August,51,0,0
